normal_tilt_alpha_deg,normal_azimuth_psi_deg,orientation_mass
0.16595429177952681,0,0.00020618300034405644
0.16595429177952681,11.25,0.00020618300034405644
0.16595429177952681,22.5,0.00020618300034405644
0.16595429177952681,33.75,0.00020618300034405644
0.16595429177952681,45,0.00020618300034405644
0.16595429177952681,56.25,0.00020618300034405644
0.16595429177952681,67.5,0.00020618300034405644
0.16595429177952681,78.75,0.00020618300034405644
0.16595429177952681,90,0.00020618300034405644
0.16595429177952681,101.25,0.00020618300034405644
0.16595429177952681,112.5,0.00020618300034405644
0.16595429177952681,123.74999999999999,0.00020618300034405644
0.16595429177952681,135,0.00020618300034405644
0.16595429177952681,146.25,0.00020618300034405644
0.16595429177952681,157.5,0.00020618300034405644
0.16595429177952681,168.75,0.00020618300034405644
0.16595429177952681,180,0.00020618300034405644
0.16595429177952681,191.25,0.00020618300034405644
0.16595429177952681,202.5,0.00020618300034405644
0.16595429177952681,213.75,0.00020618300034405644
0.16595429177952681,225,0.00020618300034405644
0.16595429177952681,236.25,0.00020618300034405644
0.16595429177952681,247.49999999999997,0.00020618300034405644
0.16595429177952681,258.75,0.00020618300034405644
0.16595429177952681,270,0.00020618300034405644
0.16595429177952681,281.25,0.00020618300034405644
0.16595429177952681,292.5,0.00020618300034405644
0.16595429177952681,303.75,0.00020618300034405644
0.16595429177952681,315,0.00020618300034405644
0.16595429177952681,326.25,0.00020618300034405644
0.16595429177952681,337.5,0.00020618300034405644
0.16595429177952681,348.75,0.00020618300034405644
0.86294469266572682,0,0.0023376699284037013
0.86294469266572682,11.25,0.0023376699284037013
0.86294469266572682,22.5,0.0023376699284037013
0.86294469266572682,33.75,0.0023376699284037013
0.86294469266572682,45,0.0023376699284037013
0.86294469266572682,56.25,0.0023376699284037013
0.86294469266572682,67.5,0.0023376699284037013
0.86294469266572682,78.75,0.0023376699284037013
0.86294469266572682,90,0.0023376699284037013
0.86294469266572682,101.25,0.0023376699284037013
0.86294469266572682,112.5,0.0023376699284037013
0.86294469266572682,123.74999999999999,0.0023376699284037013
0.86294469266572682,135,0.0023376699284037013
0.86294469266572682,146.25,0.0023376699284037013
0.86294469266572682,157.5,0.0023376699284037013
0.86294469266572682,168.75,0.0023376699284037013
0.86294469266572682,180,0.0023376699284037013
0.86294469266572682,191.25,0.0023376699284037013
0.86294469266572682,202.5,0.0023376699284037013
0.86294469266572682,213.75,0.0023376699284037013
0.86294469266572682,225,0.0023376699284037013
0.86294469266572682,236.25,0.0023376699284037013
0.86294469266572682,247.49999999999997,0.0023376699284037013
0.86294469266572682,258.75,0.0023376699284037013
0.86294469266572682,270,0.0023376699284037013
0.86294469266572682,281.25,0.0023376699284037013
0.86294469266572682,292.5,0.0023376699284037013
0.86294469266572682,303.75,0.0023376699284037013
0.86294469266572682,315,0.0023376699284037013
0.86294469266572682,326.25,0.0023376699284037013
0.86294469266572682,337.5,0.0023376699284037013
0.86294469266572682,348.75,0.0023376699284037013
2.0708759322512575,0,0.0069331893169738146
2.0708759322512575,11.25,0.0069331893169738146
2.0708759322512575,22.5,0.0069331893169738146
2.0708759322512575,33.75,0.0069331893169738146
2.0708759322512575,45,0.0069331893169738146
2.0708759322512575,56.25,0.0069331893169738146
2.0708759322512575,67.5,0.0069331893169738146
2.0708759322512575,78.75,0.0069331893169738146
2.0708759322512575,90,0.0069331893169738146
2.0708759322512575,101.25,0.0069331893169738146
2.0708759322512575,112.5,0.0069331893169738146
2.0708759322512575,123.74999999999999,0.0069331893169738146
2.0708759322512575,135,0.0069331893169738146
2.0708759322512575,146.25,0.0069331893169738146
2.0708759322512575,157.5,0.0069331893169738146
2.0708759322512575,168.75,0.0069331893169738146
2.0708759322512575,180,0.0069331893169738146
2.0708759322512575,191.25,0.0069331893169738146
2.0708759322512575,202.5,0.0069331893169738146
2.0708759322512575,213.75,0.0069331893169738146
2.0708759322512575,225,0.0069331893169738146
2.0708759322512575,236.25,0.0069331893169738146
2.0708759322512575,247.49999999999997,0.0069331893169738146
2.0708759322512575,258.75,0.0069331893169738146
2.0708759322512575,270,0.0069331893169738146
2.0708759322512575,281.25,0.0069331893169738146
2.0708759322512575,292.5,0.0069331893169738146
2.0708759322512575,303.75,0.0069331893169738146
2.0708759322512575,315,0.0069331893169738146
2.0708759322512575,326.25,0.0069331893169738146
2.0708759322512575,337.5,0.0069331893169738146
2.0708759322512575,348.75,0.0069331893169738146
3.7141384114204423,0,0.009490807681563334
3.7141384114204423,11.25,0.009490807681563334
3.7141384114204423,22.5,0.009490807681563334
3.7141384114204423,33.75,0.009490807681563334
3.7141384114204423,45,0.009490807681563334
3.7141384114204423,56.25,0.009490807681563334
3.7141384114204423,67.5,0.009490807681563334
3.7141384114204423,78.75,0.009490807681563334
3.7141384114204423,90,0.009490807681563334
3.7141384114204423,101.25,0.009490807681563334
3.7141384114204423,112.5,0.009490807681563334
3.7141384114204423,123.74999999999999,0.009490807681563334
3.7141384114204423,135,0.009490807681563334
3.7141384114204423,146.25,0.009490807681563334
3.7141384114204423,157.5,0.009490807681563334
3.7141384114204423,168.75,0.009490807681563334
3.7141384114204423,180,0.009490807681563334
3.7141384114204423,191.25,0.009490807681563334
3.7141384114204423,202.5,0.009490807681563334
3.7141384114204423,213.75,0.009490807681563334
3.7141384114204423,225,0.009490807681563334
3.7141384114204423,236.25,0.009490807681563334
3.7141384114204423,247.49999999999997,0.009490807681563334
3.7141384114204423,258.75,0.009490807681563334
3.7141384114204423,270,0.009490807681563334
3.7141384114204423,281.25,0.009490807681563334
3.7141384114204423,292.5,0.009490807681563334
3.7141384114204423,303.75,0.009490807681563334
3.7141384114204423,315,0.009490807681563334
3.7141384114204423,326.25,0.009490807681563334
3.7141384114204423,337.5,0.009490807681563334
3.7141384114204423,348.75,0.009490807681563334
5.6895165090163795,0,0.0064216322990543048
5.6895165090163795,11.25,0.0064216322990543048
5.6895165090163795,22.5,0.0064216322990543048
5.6895165090163795,33.75,0.0064216322990543048
5.6895165090163795,45,0.0064216322990543048
5.6895165090163795,56.25,0.0064216322990543048
5.6895165090163795,67.5,0.0064216322990543048
5.6895165090163795,78.75,0.0064216322990543048
5.6895165090163795,90,0.0064216322990543048
5.6895165090163795,101.25,0.0064216322990543048
5.6895165090163795,112.5,0.0064216322990543048
5.6895165090163795,123.74999999999999,0.0064216322990543048
5.6895165090163795,135,0.0064216322990543048
5.6895165090163795,146.25,0.0064216322990543048
5.6895165090163795,157.5,0.0064216322990543048
5.6895165090163795,168.75,0.0064216322990543048
5.6895165090163795,180,0.0064216322990543048
5.6895165090163795,191.25,0.0064216322990543048
5.6895165090163795,202.5,0.0064216322990543048
5.6895165090163795,213.75,0.0064216322990543048
5.6895165090163795,225,0.0064216322990543048
5.6895165090163795,236.25,0.0064216322990543048
5.6895165090163795,247.49999999999997,0.0064216322990543048
5.6895165090163795,258.75,0.0064216322990543048
5.6895165090163795,270,0.0064216322990543048
5.6895165090163795,281.25,0.0064216322990543048
5.6895165090163795,292.5,0.0064216322990543048
5.6895165090163795,303.75,0.0064216322990543048
5.6895165090163795,315,0.0064216322990543048
5.6895165090163795,326.25,0.0064216322990543048
5.6895165090163795,337.5,0.0064216322990543048
5.6895165090163795,348.75,0.0064216322990543048
7.872899323396779,0,0.0025720061802854098
7.872899323396779,11.25,0.0025720061802854098
7.872899323396779,22.5,0.0025720061802854098
7.872899323396779,33.75,0.0025720061802854098
7.872899323396779,45,0.0025720061802854098
7.872899323396779,56.25,0.0025720061802854098
7.872899323396779,67.5,0.0025720061802854098
7.872899323396779,78.75,0.0025720061802854098
7.872899323396779,90,0.0025720061802854098
7.872899323396779,101.25,0.0025720061802854098
7.872899323396779,112.5,0.0025720061802854098
7.872899323396779,123.74999999999999,0.0025720061802854098
7.872899323396779,135,0.0025720061802854098
7.872899323396779,146.25,0.0025720061802854098
7.872899323396779,157.5,0.0025720061802854098
7.872899323396779,168.75,0.0025720061802854098
7.872899323396779,180,0.0025720061802854098
7.872899323396779,191.25,0.0025720061802854098
7.872899323396779,202.5,0.0025720061802854098
7.872899323396779,213.75,0.0025720061802854098
7.872899323396779,225,0.0025720061802854098
7.872899323396779,236.25,0.0025720061802854098
7.872899323396779,247.49999999999997,0.0025720061802854098
7.872899323396779,258.75,0.0025720061802854098
7.872899323396779,270,0.0025720061802854098
7.872899323396779,281.25,0.0025720061802854098
7.872899323396779,292.5,0.0025720061802854098
7.872899323396779,303.75,0.0025720061802854098
7.872899323396779,315,0.0025720061802854098
7.872899323396779,326.25,0.0025720061802854098
7.872899323396779,337.5,0.0025720061802854098
7.872899323396779,348.75,0.0025720061802854098
10.12710067660322,0,0.0011846822389090514
10.12710067660322,11.25,0.0011846822389090514
10.12710067660322,22.5,0.0011846822389090514
10.12710067660322,33.75,0.0011846822389090514
10.12710067660322,45,0.0011846822389090514
10.12710067660322,56.25,0.0011846822389090514
10.12710067660322,67.5,0.0011846822389090514
10.12710067660322,78.75,0.0011846822389090514
10.12710067660322,90,0.0011846822389090514
10.12710067660322,101.25,0.0011846822389090514
10.12710067660322,112.5,0.0011846822389090514
10.12710067660322,123.74999999999999,0.0011846822389090514
10.12710067660322,135,0.0011846822389090514
10.12710067660322,146.25,0.0011846822389090514
10.12710067660322,157.5,0.0011846822389090514
10.12710067660322,168.75,0.0011846822389090514
10.12710067660322,180,0.0011846822389090514
10.12710067660322,191.25,0.0011846822389090514
10.12710067660322,202.5,0.0011846822389090514
10.12710067660322,213.75,0.0011846822389090514
10.12710067660322,225,0.0011846822389090514
10.12710067660322,236.25,0.0011846822389090514
10.12710067660322,247.49999999999997,0.0011846822389090514
10.12710067660322,258.75,0.0011846822389090514
10.12710067660322,270,0.0011846822389090514
10.12710067660322,281.25,0.0011846822389090514
10.12710067660322,292.5,0.0011846822389090514
10.12710067660322,303.75,0.0011846822389090514
10.12710067660322,315,0.0011846822389090514
10.12710067660322,326.25,0.0011846822389090514
10.12710067660322,337.5,0.0011846822389090514
10.12710067660322,348.75,0.0011846822389090514
12.310483490983621,0,0.00082974053613489509
12.310483490983621,11.25,0.00082974053613489509
12.310483490983621,22.5,0.00082974053613489509
12.310483490983621,33.75,0.00082974053613489509
12.310483490983621,45,0.00082974053613489509
12.310483490983621,56.25,0.00082974053613489509
12.310483490983621,67.5,0.00082974053613489509
12.310483490983621,78.75,0.00082974053613489509
12.310483490983621,90,0.00082974053613489509
12.310483490983621,101.25,0.00082974053613489509
12.310483490983621,112.5,0.00082974053613489509
12.310483490983621,123.74999999999999,0.00082974053613489509
12.310483490983621,135,0.00082974053613489509
12.310483490983621,146.25,0.00082974053613489509
12.310483490983621,157.5,0.00082974053613489509
12.310483490983621,168.75,0.00082974053613489509
12.310483490983621,180,0.00082974053613489509
12.310483490983621,191.25,0.00082974053613489509
12.310483490983621,202.5,0.00082974053613489509
12.310483490983621,213.75,0.00082974053613489509
12.310483490983621,225,0.00082974053613489509
12.310483490983621,236.25,0.00082974053613489509
12.310483490983621,247.49999999999997,0.00082974053613489509
12.310483490983621,258.75,0.00082974053613489509
12.310483490983621,270,0.00082974053613489509
12.310483490983621,281.25,0.00082974053613489509
12.310483490983621,292.5,0.00082974053613489509
12.310483490983621,303.75,0.00082974053613489509
12.310483490983621,315,0.00082974053613489509
12.310483490983621,326.25,0.00082974053613489509
12.310483490983621,337.5,0.00082974053613489509
12.310483490983621,348.75,0.00082974053613489509
14.285861588579557,0,0.00059328179509945272
14.285861588579557,11.25,0.00059328179509945272
14.285861588579557,22.5,0.00059328179509945272
14.285861588579557,33.75,0.00059328179509945272
14.285861588579557,45,0.00059328179509945272
14.285861588579557,56.25,0.00059328179509945272
14.285861588579557,67.5,0.00059328179509945272
14.285861588579557,78.75,0.00059328179509945272
14.285861588579557,90,0.00059328179509945272
14.285861588579557,101.25,0.00059328179509945272
14.285861588579557,112.5,0.00059328179509945272
14.285861588579557,123.74999999999999,0.00059328179509945272
14.285861588579557,135,0.00059328179509945272
14.285861588579557,146.25,0.00059328179509945272
14.285861588579557,157.5,0.00059328179509945272
14.285861588579557,168.75,0.00059328179509945272
14.285861588579557,180,0.00059328179509945272
14.285861588579557,191.25,0.00059328179509945272
14.285861588579557,202.5,0.00059328179509945272
14.285861588579557,213.75,0.00059328179509945272
14.285861588579557,225,0.00059328179509945272
14.285861588579557,236.25,0.00059328179509945272
14.285861588579557,247.49999999999997,0.00059328179509945272
14.285861588579557,258.75,0.00059328179509945272
14.285861588579557,270,0.00059328179509945272
14.285861588579557,281.25,0.00059328179509945272
14.285861588579557,292.5,0.00059328179509945272
14.285861588579557,303.75,0.00059328179509945272
14.285861588579557,315,0.00059328179509945272
14.285861588579557,326.25,0.00059328179509945272
14.285861588579557,337.5,0.00059328179509945272
14.285861588579557,348.75,0.00059328179509945272
15.929124067748742,0,0.00038214778770172752
15.929124067748742,11.25,0.00038214778770172752
15.929124067748742,22.5,0.00038214778770172752
15.929124067748742,33.75,0.00038214778770172752
15.929124067748742,45,0.00038214778770172752
15.929124067748742,56.25,0.00038214778770172752
15.929124067748742,67.5,0.00038214778770172752
15.929124067748742,78.75,0.00038214778770172752
15.929124067748742,90,0.00038214778770172752
15.929124067748742,101.25,0.00038214778770172752
15.929124067748742,112.5,0.00038214778770172752
15.929124067748742,123.74999999999999,0.00038214778770172752
15.929124067748742,135,0.00038214778770172752
15.929124067748742,146.25,0.00038214778770172752
15.929124067748742,157.5,0.00038214778770172752
15.929124067748742,168.75,0.00038214778770172752
15.929124067748742,180,0.00038214778770172752
15.929124067748742,191.25,0.00038214778770172752
15.929124067748742,202.5,0.00038214778770172752
15.929124067748742,213.75,0.00038214778770172752
15.929124067748742,225,0.00038214778770172752
15.929124067748742,236.25,0.00038214778770172752
15.929124067748742,247.49999999999997,0.00038214778770172752
15.929124067748742,258.75,0.00038214778770172752
15.929124067748742,270,0.00038214778770172752
15.929124067748742,281.25,0.00038214778770172752
15.929124067748742,292.5,0.00038214778770172752
15.929124067748742,303.75,0.00038214778770172752
15.929124067748742,315,0.00038214778770172752
15.929124067748742,326.25,0.00038214778770172752
15.929124067748742,337.5,0.00038214778770172752
15.929124067748742,348.75,0.00038214778770172752
17.137055307334276,0,0.00021417581061771305
17.137055307334276,11.25,0.00021417581061771305
17.137055307334276,22.5,0.00021417581061771305
17.137055307334276,33.75,0.00021417581061771305
17.137055307334276,45,0.00021417581061771305
17.137055307334276,56.25,0.00021417581061771305
17.137055307334276,67.5,0.00021417581061771305
17.137055307334276,78.75,0.00021417581061771305
17.137055307334276,90,0.00021417581061771305
17.137055307334276,101.25,0.00021417581061771305
17.137055307334276,112.5,0.00021417581061771305
17.137055307334276,123.74999999999999,0.00021417581061771305
17.137055307334276,135,0.00021417581061771305
17.137055307334276,146.25,0.00021417581061771305
17.137055307334276,157.5,0.00021417581061771305
17.137055307334276,168.75,0.00021417581061771305
17.137055307334276,180,0.00021417581061771305
17.137055307334276,191.25,0.00021417581061771305
17.137055307334276,202.5,0.00021417581061771305
17.137055307334276,213.75,0.00021417581061771305
17.137055307334276,225,0.00021417581061771305
17.137055307334276,236.25,0.00021417581061771305
17.137055307334276,247.49999999999997,0.00021417581061771305
17.137055307334276,258.75,0.00021417581061771305
17.137055307334276,270,0.00021417581061771305
17.137055307334276,281.25,0.00021417581061771305
17.137055307334276,292.5,0.00021417581061771305
17.137055307334276,303.75,0.00021417581061771305
17.137055307334276,315,0.00021417581061771305
17.137055307334276,326.25,0.00021417581061771305
17.137055307334276,337.5,0.00021417581061771305
17.137055307334276,348.75,0.00021417581061771305
17.834045708220472,0,8.4483424912540209e-05
17.834045708220472,11.25,8.4483424912540209e-05
17.834045708220472,22.5,8.4483424912540209e-05
17.834045708220472,33.75,8.4483424912540209e-05
17.834045708220472,45,8.4483424912540209e-05
17.834045708220472,56.25,8.4483424912540209e-05
17.834045708220472,67.5,8.4483424912540209e-05
17.834045708220472,78.75,8.4483424912540209e-05
17.834045708220472,90,8.4483424912540209e-05
17.834045708220472,101.25,8.4483424912540209e-05
17.834045708220472,112.5,8.4483424912540209e-05
17.834045708220472,123.74999999999999,8.4483424912540209e-05
17.834045708220472,135,8.4483424912540209e-05
17.834045708220472,146.25,8.4483424912540209e-05
17.834045708220472,157.5,8.4483424912540209e-05
17.834045708220472,168.75,8.4483424912540209e-05
17.834045708220472,180,8.4483424912540209e-05
17.834045708220472,191.25,8.4483424912540209e-05
17.834045708220472,202.5,8.4483424912540209e-05
17.834045708220472,213.75,8.4483424912540209e-05
17.834045708220472,225,8.4483424912540209e-05
17.834045708220472,236.25,8.4483424912540209e-05
17.834045708220472,247.49999999999997,8.4483424912540209e-05
17.834045708220472,258.75,8.4483424912540209e-05
17.834045708220472,270,8.4483424912540209e-05
17.834045708220472,281.25,8.4483424912540209e-05
17.834045708220472,292.5,8.4483424912540209e-05
17.834045708220472,303.75,8.4483424912540209e-05
17.834045708220472,315,8.4483424912540209e-05
17.834045708220472,326.25,8.4483424912540209e-05
17.834045708220472,337.5,8.4483424912540209e-05
17.834045708220472,348.75,8.4483424912540209e-05
