intrinsic_L,S_normalized_to_ordered_peak
0.14999999999999999,0.026191710808347434
0.15809523809523809,0.037595043258977848
0.16619047619047619,0.046463378658893911
0.17428571428571427,0.05152634997027309
0.18238095238095237,0.052288836293879676
0.19047619047619047,0.048964062359228032
0.19857142857142857,0.042335502818853989
0.20666666666666667,0.033570051804336656
0.21476190476190476,0.024008684578792079
0.22285714285714286,0.014961331126124645
0.23095238095238094,0.007530024823195593
0.23904761904761904,0.0024790726966758352
0.24714285714285714,0.00016380000220441183
0.25523809523809521,0.00052132114752200778
0.26333333333333331,0.0031188140922867452
0.27142857142857141,0.0072478937063559633
0.27952380952380951,0.012048677696790992
0.28761904761904761,0.016644533061731186
0.29571428571428571,0.020268475175480614
0.30380952380952375,0.022364625411130636
0.31190476190476191,0.022652573926770492
0.31999999999999995,0.021148264510775318
0.32809523809523811,0.018141301386377182
0.33619047619047615,0.014134526963608136
0.34428571428571431,0.0097565679536814314
0.35238095238095235,0.0056612041238689511
0.36047619047619045,0.0024285344728847556
0.36857142857142855,0.00048193735386884074
0.37666666666666665,3.1962640686833451e-05
0.38476190476190475,0.0010540169724310086
0.39285714285714279,0.0033016432271186021
0.40095238095238095,0.0063520729895910118
0.40904761904761899,0.0096762521697161142
0.41714285714285715,0.012722303079660291
0.42523809523809519,0.014999803239131609
0.43333333333333335,0.016152506927921945
0.44142857142857139,0.016009129622192354
0.44952380952380955,0.014605238392075058
0.45761904761904759,0.012173632615278134
0.46571428571428564,0.0091052306816241813
0.47380952380952379,0.0058867415996142775
0.48190476190476184,0.0030246984219942838
0.48999999999999999,0.00096730844328343107
0.49809523809523804,3.5782024147924319e-05
0.50619047619047619,0.00037532291702301507
0.51428571428571423,0.0019330200570722917
0.52238095238095239,0.0044659004822481339
0.53047619047619043,0.0075779564700070327
0.53857142857142859,0.010780683129938629
0.54666666666666663,0.013568167960829446
0.55476190476190468,0.015495564747933656
0.56285714285714283,0.016249184726636751
0.57095238095238088,0.015697546810828033
0.57904761904761903,0.013915403816183803
0.58714285714285708,0.01117663802285784
0.59523809523809523,0.0079164578537256093
0.60333333333333328,0.004667887446302618
0.61142857142857143,0.0019814687134554095
0.61952380952380948,0.0003398149125851745
0.62761904761904752,7.9748645837800512e-05
0.63571428571428568,0.0013340285532670881
0.64380952380952372,0.0040021726882397265
0.65190476190476188,0.0077559276309587741
0.66000000000000003,0.012080029532663392
0.66809523809523808,0.016343722800247752
0.67619047619047612,0.019893770061080271
0.68428571428571427,0.022156090989781187
0.69238095238095232,0.022731261191515296
0.70047619047619047,0.021469225331628785
0.70857142857142852,0.018510803401824556
0.71666666666666667,0.014287681268217018
0.72476190476190472,0.0094780945445911268
0.73285714285714287,0.0049216437549914139
0.74095238095238092,0.0015027965081666056
0.74904761904761907,1.7794145989855e-05
0.75714285714285712,0.0010431299965844149
0.76523809523809516,0.0048249404113517502
0.77333333333333332,0.011207259349318807
0.78142857142857136,0.019613167654224557
0.78952380952380952,0.029086787934867207
0.79761904761904756,0.038396503618047598
0.80571428571428572,0.046191611663238055
0.81380952380952376,0.051196870160369889
0.82190476190476192,0.052423090321197068
0.82999999999999996,0.049367932894607239
0.83809523809523812,0.042180040834599725
0.84619047619047616,0.031761875625836225
0.8542857142857142,0.019792038676856034
0.86238095238095236,0.0086559732404165157
0.8704761904761904,0.0012839278855712865
0.87857142857142856,0.00090582801463696299
0.8866666666666666,0.010743014389713281
0.89476190476190476,0.033665435553923879
0.9028571428571428,0.071848740920929952
0.91095238095238096,0.1264680109708135
0.919047619047619,0.19746316290912072
0.92714285714285716,0.28340541196380264
0.9352380952380952,0.38148503250668475
0.94333333333333325,0.4876289426461386
0.9514285714285714,0.59674354235555338
0.95952380952380945,0.70306516669851149
0.9676190476190476,0.80058890126860172
0.97571428571428565,0.88353764447288741
0.9838095238095238,0.94682820825091463
0.99190476190476184,0.98649054323471352
1,1
1.0080952380952379,0.98649054323471552
1.0161904761904761,0.94682820825091529
1.0242857142857142,0.88353764447288952
1.0323809523809522,0.80058890126860682
1.0404761904761903,0.70306516669851427
1.0485714285714285,0.5967435423555566
1.0566666666666666,0.48762894264614154
1.0647619047619046,0.38148503250668786
1.0728571428571427,0.28340541196380536
1.0809523809523809,0.19746316290912283
1.089047619047619,0.12646801097081392
1.097142857142857,0.071848740920932241
1.1052380952380951,0.033665435553924622
1.1133333333333333,0.010743014389713437
1.1214285714285712,0.00090582801463706024
1.1295238095238094,0.0012839278855711208
1.1376190476190475,0.0086559732404164202
1.1457142857142857,0.019792038676855712
1.1538095238095236,0.031761875625835864
1.1619047619047618,0.04218004083459944
1.1699999999999999,0.049367932894607024
1.1780952380952379,0.052423090321197206
1.186190476190476,0.051196870160369827
1.1942857142857142,0.046191611663238069
1.2023809523809521,0.038396503618048007
1.2104761904761903,0.029086787934867263
1.2185714285714284,0.019613167654224665
1.2266666666666666,0.011207259349318915
1.2347619047619045,0.0048249404113518135
1.2428571428571427,0.0010431299965844565
1.2509523809523808,1.779414598984815e-05
1.259047619047619,0.0015027965081664879
1.2671428571428569,0.004921643754991295
1.2752380952380951,0.009478094544590851
1.2833333333333332,0.014287681268216753
1.2914285714285711,0.01851080340182442
1.2995238095238093,0.021469225331628632
1.3076190476190475,0.022731261191515285
1.3157142857142856,0.022156090989781212
1.3238095238095235,0.019893770061080451
1.3319047619047617,0.01634372280024797
1.3399999999999999,0.012080029532663581
1.348095238095238,0.0077559276309587229
1.3561904761904759,0.0040021726882399043
1.3642857142857141,0.0013340285532672169
1.3723809523809523,7.9748645837813021e-05
1.3804761904761902,0.00033981491258510722
1.3885714285714283,0.0019814687134552564
1.3966666666666665,0.0046678874463025304
1.4047619047619047,0.0079164578537255503
1.4128571428571426,0.0111766380228575
1.4209523809523807,0.013915403816183728
1.4290476190476189,0.015697546810827922
1.4371428571428571,0.016249184726636681
1.445238095238095,0.015495564747933666
1.4533333333333331,0.013568167960829457
1.4614285714285713,0.010780683129938655
1.4695238095238092,0.0075779564700071463
1.4776190476190474,0.0044659004822482353
1.4857142857142855,0.0019330200570723971
1.4938095238095237,0.00037532291702302461
1.5019047619047616,3.5782024147911424e-05
1.5099999999999998,0.00096730844328336613
1.5180952380952379,0.0030246984219942283
1.5261904761904761,0.0058867415996142116
1.534285714285714,0.0091052306816239489
1.5423809523809522,0.012173632615278077
1.5504761904761903,0.014605238392075035
1.5585714285714283,0.016009129622192298
1.5666666666666664,0.016152506927921979
1.5747619047619046,0.014999803239131698
1.5828571428571427,0.012722303079660397
1.5909523809523807,0.0096762521697162859
1.5990476190476188,0.0063520729895911732
1.607142857142857,0.0033016432271187304
1.6152380952380951,0.0010540169724310388
1.6233333333333331,3.1962640686847342e-05
1.6314285714285712,0.00048193735386878713
1.6395238095238094,0.0024285344728846923
1.6476190476190473,0.0056612041238687377
1.6557142857142855,0.0097565679536812996
1.6638095238095236,0.01413452696360796
1.6719047619047618,0.018141301386376995
1.6799999999999997,0.021148264510775061
1.6880952380952379,0.022652573926770333
1.696190476190476,0.022364625411130528
1.7042857142857142,0.020268475175480534
1.7123809523809521,0.016644533061731161
1.7204761904761903,0.012048677696791053
1.7285714285714284,0.007247893706356077
1.7366666666666664,0.0031188140922868419
1.7447619047619045,0.0005213211475220634
1.7528571428571427,0.00016380000220443002
1.7609523809523808,0.0024790726966759016
1.7690476190476188,0.0075300248231953588
1.7771428571428569,0.014961331126124787
1.7852380952380951,0.024008684578792197
1.793333333333333,0.033570051804336261
1.8014285714285712,0.042335502818854211
1.8095238095238093,0.048964062359228303
1.8176190476190475,0.052288836293880057
1.8257142857142854,0.051526349970273506
1.8338095238095236,0.046463378658894397
1.8419047619047617,0.037595043258978375
1.8499999999999999,0.026191710808347587
1.8580952380952378,0.014279006469816448
1.866190476190476,0.0045243601929878642
1.8742857142857141,3.4011596049266174e-05
1.882380952380952,0.0040751058658019049
1.8904761904761902,0.019747180940297752
1.8985714285714284,0.04963479218542631
1.9066666666666665,0.095477278969963789
1.9147619047619044,0.15789211629839217
1.9228571428571426,0.23618470140010994
1.9309523809523808,0.32827004358374134
1.9390476190476189,0.43072134003796059
1.9471428571428568,0.53894788783976466
1.955238095238095,0.64749152080639216
1.9633333333333332,0.75041820186083052
1.9714285714285711,0.84177093440467643
1.9795238095238092,0.9160429628832315
1.9876190476190474,0.96862715518981157
1.9957142857142856,0.99619889881420109
2.0038095238095237,0.99699570850688102
2.0119047619047619,0.97096645959983163
2.02,0.91977572666581953
2.0280952380952382,0.84666280474339783
2.0361904761904759,0.75616913255070051
2.044285714285714,0.6537605316403613
2.0523809523809522,0.54538059082327717
2.0604761904761904,0.43697763804936712
2.0685714285714285,0.33404944896072797
2.0766666666666667,0.24124702305302426
2.0847619047619048,0.162071787792749
2.0928571428571425,0.09869028643483363
2.1009523809523807,0.05187793317547134
2.1090476190476188,0.021090159048328824
2.117142857142857,0.0046466583221872844
2.1252380952380951,3.8067100181947071e-06
2.1333333333333333,0.0040827355152692904
2.1414285714285715,0.013616718508043059
2.1495238095238092,0.025481731403731119
2.1576190476190473,0.036978091045167909
2.1657142857142855,0.046038363815503067
2.1738095238095236,0.051346300818487983
2.1819047619047618,0.052362239967487546
2.1899999999999999,0.049260961697892861
2.1980952380952377,0.042797212285480564
2.2061904761904758,0.034121035577068345
2.214285714285714,0.024569008256737412
2.2223809523809521,0.015458159723637824
2.2304761904761903,0.0079068759888890772
2.2385714285714284,0.0027019075663658404
2.2466666666666666,0.00022349239229357606
2.2547619047619043,0.00043252884950909279
2.2628571428571425,0.0029157236771244835
2.2709523809523806,0.006977669561498233
2.2790476190476188,0.011763677494099168
2.2871428571428569,0.016394433727069023
2.2952380952380951,0.020093383649767923
2.3033333333333332,0.022290044171427884
2.3114285714285709,0.022686785728509396
2.3195238095238091,0.021282338849325275
2.3276190476190473,0.018351556731492691
2.3357142857142854,0.014386956517629987
2.3438095238095236,0.010012493594552922
2.3519047619047617,0.0058832918010467807
2.3599999999999999,0.0025862972712342048
2.368095238095238,0.00055596542581102105
2.3761904761904757,1.6332114439642762e-05
2.3842857142857139,0.00095661000747472623
2.3923809523809521,0.0031424179231343764
2.4004761904761902,0.0061596119109155762
2.4085714285714284,0.0094831524113218966
2.4166666666666665,0.012560118395208897
2.4247619047619047,0.014894291748787734
2.4328571428571424,0.01611987308614881
2.4409523809523805,0.016053788123646568
2.4490476190476187,0.014719395215406285
2.4571428571428569,0.012338708546964932
2.465238095238095,0.0092948841064892356
2.4733333333333332,0.0060710179826471951
2.4814285714285713,0.003174675640334532
2.489523809523809,0.0010595415474789315
2.4976190476190472,5.5886514754343798e-05
2.5057142857142853,0.00032016637608779809
2.5138095238095235,0.0018111987959556531
2.5219047619047616,0.0042964309662218772
2.5299999999999998,0.0073873744216289387
2.538095238095238,0.010598978765802111
2.5461904761904761,0.013424159987309635
2.5542857142857138,0.015412403291531065
2.562380952380952,0.016240661167725011
2.5704761904761901,0.015765777394241436
2.5785714285714283,0.014050258783892945
2.5866666666666664,0.011357035754036116
2.5947619047619046,0.0081133694339752
2.6028571428571428,0.0048486401592946569
2.6109523809523805,0.0021147343313842647
2.6190476190476186,0.00040055056682101683
2.6271428571428568,5.3343402234030562e-05
2.6352380952380949,0.0012190023690800511
2.6433333333333331,0.0038109658511295101
2.6514285714285712,0.0075135837104395153
2.6595238095238094,0.011820877942684398
2.6676190476190471,0.016106466498817921
2.6757142857142853,0.019715637082781647
2.6838095238095234,0.022066877796648694
2.6919047619047616,0.022748153916608428
2.6999999999999997,0.021593218925782542
2.7080952380952379,0.018725352143957995
2.716190476190476,0.014559927435053166
2.7242857142857142,0.0097626701896903912
2.7323809523809519,0.0051666688598063634
2.7404761904761901,0.0016573553144378509
2.7485714285714282,3.9908578855971672e-05
2.7566666666666664,0.000907104822481717
2.7647619047619045,0.0045269553563051235
2.7728571428571427,0.010768237152677291
2.7809523809523808,0.019078242536752891
2.7890476190476186,0.028521105709162345
2.7971428571428567,0.037877556175573944
2.8052380952380949,0.045798787643325976
2.813333333333333,0.050999329173708176
2.8214285714285712,0.052467382785783404
2.8295238095238093,0.049666945034950727
2.8376190476190475,0.042704815705210779
2.8457142857142852,0.032437638797723094
2.8538095238095234,0.020499357550336231
2.8619047619047615,0.0092374402935756338
2.8699999999999997,0.0015561375932542753
2.8780952380952378,0.00067578412090513716
2.886190476190476,0.0098275326208528604
2.8942857142857141,0.031911666468313123
2.9023809523809523,0.069153685543535903
2.91047619047619,0.12279487552135217
2.9185714285714282,0.19285261090073494
2.9266666666666663,0.27798020785046418
2.9347619047619045,0.37544719047304215
2.9428571428571426,0.4812492345933525
2.9509523809523808,0.59034400277703158
2.9590476190476189,0.69699597427580717
2.9671428571428566,0.79520163566175472
2.9752380952380948,0.87915734199977846
2.9833333333333329,0.94372682217522952
2.9914285714285711,0.98486432949832015
2.9995238095238093,0.99995300276031274
3.0076190476190474,0.98802578054030554
3.0157142857142856,0.94984741578116194
3.0238095238095233,0.88784960232112653
3.0319047619047614,0.80592553316297555
3.0399999999999996,0.70910385102451701
3.0480952380952377,0.60313348855587168
3.0561904761904759,0.49401912550207244
3.0642857142857141,0.38755107609784767
3.0723809523809522,0.28887298180816279
3.0804761904761904,0.20212583684586991
3.0885714285714281,0.13019820838876003
3.0966666666666662,0.074601027001816769
3.1047619047619044,0.035472300762706077
3.1128571428571425,0.011703974709418235
3.1209523809523807,0.0011713198748145356
3.1290476190476189,0.0010359197887326991
3.137142857142857,0.0080874418941558716
3.1452380952380947,0.019087445028927529
3.1533333333333329,0.031080536616876053
3.161428571428571,0.041643861952330975
3.1695238095238092,0.049054400889516583
3.1776190476190473,0.052363793959393133
3.1857142857142855,0.051381193574846148
3.1938095238095237,0.046574699658003003
3.2019047619047614,0.038910189159111631
3.2099999999999995,0.029651938726923038
3.2180952380952377,0.020151868605511963
3.2261904761904758,0.01165339487510734
3.234285714285714,0.0051320471046519649
3.2423809523809521,0.0011888107532168767
3.2504761904761903,4.4624457804897192e-06
3.2585714285714285,0.0013549931610521769
3.2666666666666662,0.0046805803993024333
3.2747619047619043,0.0091943812525559811
3.2828571428571425,0.014013358212197426
3.2909523809523806,0.018291806084588687
3.2990476190476188,0.021339276573021138
3.3071428571428569,0.022707926144201345
3.3152380952380951,0.022239393337200337
3.3233333333333328,0.020067396241426266
3.331428571428571,0.01657848675661272
3.3395238095238091,0.012338978898855262
3.3476190476190473,0.0080002791026886708
3.3557142857142854,0.0041971909094102354
3.3638095238095236,0.0014540138356754807
3.3719047619047617,0.00011146222111371463
3.3799999999999994,0.00028391961518535095
3.3880952380952376,0.0018518608580214172
3.3961904761904758,0.0044890997091870475
3.4042857142857139,0.0077195812078418007
3.4123809523809521,0.010994407322230802
3.4204761904761902,0.013777191368567018
3.4285714285714284,0.015624999999999979
3.4366666666666661,0.016253131340010555
3.4447619047619042,0.015574611276048197
3.4528571428571424,0.013709161416922615
3.4609523809523806,0.01096093279568962
3.4690476190476187,0.0077688573932144511
3.4771428571428569,0.0046374012163002071
3.485238095238095,0.0020582605518462221
3.4933333333333332,0.00043475028245085537
3.5014285714285709,2.0133801839280058e-05
3.509523809523809,0.00087902269167644412
3.5176190476190472,0.0028775427349441453
3.5257142857142854,0.0057037157256799942
3.5338095238095235,0.0089150521427057497
3.5419047619047617,0.012006325177063062
3.5499999999999998,0.014487479117612763
