branch,bin,x_unit,x,valid,measured,background,net_measured,model_total,net_model
m1_minus,0,L_reciprocal_lattice_units,2.1000000000000001,1,26.871053668220206,23.528801190635445,3.3422524775847613,26.393076560677056,2.8642753700416108
m1_minus,1,L_reciprocal_lattice_units,2.3000000000000003,1,24.413238691841485,23.32532944543588,1.087909246405605,23.73198499650065,0.40665555106476958
m1_minus,2,L_reciprocal_lattice_units,2.5000000000000004,1,24.438250841390335,23.10952883570743,1.3287220056829057,23.198678567086116,0.089149731378686425
m1_minus,3,L_reciprocal_lattice_units,2.7000000000000006,1,24.480751428824831,22.875847457374359,1.6049039714504723,22.981433125251172,0.10558566787681301
m1_minus,4,L_reciprocal_lattice_units,2.9000000000000008,1,24.134098159122019,22.626650704387018,1.5074474547350007,22.766274655245294,0.13962395085827595
m1_minus,5,L_reciprocal_lattice_units,3.100000000000001,1,24.384045167770935,22.363903613624018,2.0201415541469174,22.552437965809421,0.18853435218540326
m1_minus,6,L_reciprocal_lattice_units,3.3000000000000012,1,24.241898893725526,22.08610092144761,2.1557979722779166,22.347076560091356,0.26097563864374607
m1_minus,7,L_reciprocal_lattice_units,3.5000000000000013,1,26.344056942077664,21.794406184377397,4.5496507577002667,22.227980179298033,0.43357399492063564
m1_minus,8,L_reciprocal_lattice_units,3.7000000000000015,1,29.130042786903822,21.492138457323779,7.6379043295800422,24.0450853925635,2.5529469352397207
m1_minus,9,L_reciprocal_lattice_units,3.9000000000000017,1,36.47197977424679,21.178121195710041,15.293858578536749,36.588884939240785,15.410763743530744
m1_minus,10,L_reciprocal_lattice_units,4.1000000000000014,1,39.070082949474397,20.853287431676094,18.216795517798303,36.783964036032515,15.930676604356421
m1_minus,11,L_reciprocal_lattice_units,4.3000000000000025,1,30.660487077383259,20.518169960910196,10.142317116473063,24.304784522972518,3.7866145620623222
m1_minus,12,L_reciprocal_lattice_units,4.5000000000000018,1,36.394732275273768,20.173630314446378,16.22110196082739,24.188305022295914,4.0146747078495366
m1_minus,13,L_reciprocal_lattice_units,4.7000000000000028,1,71.715081875232485,19.820886710596554,51.894195164635931,60.626803066865186,40.805916356268632
m1_minus,14,L_reciprocal_lattice_units,4.9000000000000021,1,225.22605496837511,19.460626356734242,205.76542861164086,266.17979618059616,246.7191698238619
m1_minus,15,L_reciprocal_lattice_units,5.1000000000000032,1,274.69440802872032,19.09321139519119,255.60119663352913,262.54951334711706,243.45630195192587
m1_minus,16,L_reciprocal_lattice_units,5.3000000000000025,1,90.381448569962174,18.720232823565844,71.661215746396323,57.990432603270705,39.270199779704861
m1_minus,17,L_reciprocal_lattice_units,5.5000000000000036,1,39.393246274855521,18.342096317031782,21.051149957823739,21.863757388381934,3.5216610713501524
m1_minus,18,L_reciprocal_lattice_units,5.7000000000000028,1,27.859665427615212,17.958152072710263,9.9015133549049494,19.253994760615562,1.2958426879052993
m1_minus,19,L_reciprocal_lattice_units,5.9000000000000039,1,24.510869802187585,17.570982787602116,6.9398870145854694,18.332930178133658,0.76194739053154237
m1_minus,20,L_reciprocal_lattice_units,6.1000000000000032,1,22.135714920634847,17.18020100875852,4.9555139118763272,17.675511605824191,0.49531059706567149
m1_minus,21,L_reciprocal_lattice_units,6.3000000000000043,1,20.765072467261888,16.786405729418778,3.9786667378431098,17.111139035397478,0.32473330597870032
m1_minus,22,L_reciprocal_lattice_units,6.5000000000000036,1,18.874435421349311,16.390868188428996,2.4835672329203149,16.643398858094983,0.25253066966598681
m1_minus,23,L_reciprocal_lattice_units,6.7000000000000046,1,18.378055557531816,15.993435285888999,2.3846202716428166,16.546687177940431,0.55325189205143133
m1_minus,24,L_reciprocal_lattice_units,6.9000000000000039,1,18.757694546746546,15.595654239617447,3.1620403071290983,17.499459442168195,1.9038052025507479
m1_minus,25,L_reciprocal_lattice_units,7.100000000000005,1,18.970858028596524,15.197020583470648,3.773837445125876,16.88927097291954,1.6922503894488923
m1_minus,26,L_reciprocal_lattice_units,7.3000000000000043,1,17.646917641341823,14.798852429003867,2.8480652123379553,15.114318912480709,0.31546648347684147
m1_minus,27,L_reciprocal_lattice_units,7.5000000000000053,1,17.444102164449102,14.401597864653926,3.0425042997951763,14.535711521804739,0.13411365715081303
m1_minus,28,L_reciprocal_lattice_units,7.7000000000000046,1,17.76494930280284,14.006394258873035,3.758555043929805,15.459429120528997,1.4530348616559614
m1_minus,29,L_reciprocal_lattice_units,7.9000000000000057,1,21.797453980441105,13.611028863378531,8.1864251170625746,20.775784373461093,7.1647555100825624
m1_minus,30,L_reciprocal_lattice_units,8.100000000000005,1,20.687392642944189,13.21911229888347,7.4682803440607195,20.594949867968658,7.3758375690851885
m1_minus,31,L_reciprocal_lattice_units,8.300000000000006,1,15.300862386540004,12.82900939935138,2.4718529871886243,14.577157033944781,1.7481476345934013
m1_minus,32,L_reciprocal_lattice_units,8.5000000000000053,1,13.899968831866452,12.442737341015121,1.4572314908513313,12.806585105930138,0.36384776491501647
m1_minus,33,L_reciprocal_lattice_units,8.7000000000000064,1,13.634995867280367,12.058309829287213,1.576686037993154,12.322367958020822,0.26405812873360901
m1_minus,34,L_reciprocal_lattice_units,8.9000000000000057,1,13.32105753072122,11.678695880160474,1.6423616505607459,11.967630531160896,0.2889346510004227
m1_minus,35,L_reciprocal_lattice_units,9.1000000000000068,1,13.820283244126326,11.302213481977713,2.5180697621486132,11.709533532466402,0.40732005048868913
m1_minus,36,L_reciprocal_lattice_units,9.300000000000006,1,14.739197743434431,10.930041035745488,3.8091567076889437,11.654458454262183,0.72441741851669583
m1_minus,37,L_reciprocal_lattice_units,9.5000000000000071,1,18.897786016671802,10.562901621338757,8.3348843953330451,13.288787835398921,2.7258862140601643
m1_minus,38,L_reciprocal_lattice_units,9.7000000000000064,1,35.541887785283308,10.199449029484908,25.342438755798398,34.960068317036601,24.760619287551691
m1_minus,39,L_reciprocal_lattice_units,9.9000000000000075,1,99.773772536011819,9.8418722153617804,89.931900320650044,110.1910082307508,100.34913601538902
m1_minus,40,L_reciprocal_lattice_units,10.100000000000007,1,112.98375255951284,9.4890047449418038,103.49474781457103,107.71755102426185,98.228546279320042
m1_minus,41,L_reciprocal_lattice_units,10.300000000000008,1,39.828543750137733,9.1416344107073648,30.686909339430368,31.779346279150385,22.63771186844302
m1_minus,42,L_reciprocal_lattice_units,10.500000000000007,1,19.124336231196356,8.8002334765067758,10.32410275468958,11.729133049903886,2.9288995733971106
m1_minus,43,L_reciprocal_lattice_units,10.700000000000008,1,17.851345699820762,8.4645498483412922,9.3867958514794694,15.527975781829362,7.0634259334880696
m1_minus,44,L_reciprocal_lattice_units,10.900000000000007,1,31.380892587126922,8.133949734776337,23.246942852350585,33.8114838667654,25.677534131989063
m1_minus,45,L_reciprocal_lattice_units,11.100000000000009,1,35.543391741561351,7.8097060722355209,27.73368566932583,32.697375705057141,24.88766963282162
m1_minus,46,L_reciprocal_lattice_units,11.300000000000008,1,17.756597995475968,7.4923268854451637,10.264271110030805,13.343466951678383,5.8511400662332198
m1_minus,47,L_reciprocal_lattice_units,11.500000000000009,1,11.963405952161793,7.1807688123878881,4.7826371397739047,7.7545274906348709,0.57375867824698279
m1_minus,48,L_reciprocal_lattice_units,11.700000000000008,1,9.6143573944282643,6.8762039361079648,2.7381534583202995,6.9954413039084304,0.11923736780046568
m1_minus,49,L_reciprocal_lattice_units,11.900000000000009,1,9.2089871777498509,6.5779731078623795,2.6310140698874713,6.6281357458549088,0.050162637992529291
m1_minus,50,L_reciprocal_lattice_units,12.100000000000009,1,8.75658772514684,6.2865427487411472,2.4700449764056929,6.3140172456879675,0.027474496946820359
m1_minus,51,L_reciprocal_lattice_units,12.30000000000001,1,8.2145791655362181,6.0020063655780049,2.2125727999582132,6.0243838459539498,0.022377480375944891
m1_minus,52,L_reciprocal_lattice_units,12.500000000000009,1,7.7307342395539855,5.7248592770816566,2.0058749624723289,5.8275145387050395,0.1026552616233829
m1_minus,53,L_reciprocal_lattice_units,12.70000000000001,1,8.0729355806433176,5.4538737608991958,2.6190618197441218,6.5515073670492692,1.0976336061500733
m1_minus,54,L_reciprocal_lattice_units,12.900000000000009,1,10.40018862980298,5.1905319025656791,5.2096567272373004,9.5915968228691781,4.4010649203034991
m1_minus,55,L_reciprocal_lattice_units,13.10000000000001,1,9.6609184778277388,4.9346938626596026,4.7262246151681362,9.3632810791745698,4.4285872165149671
m1_minus,56,L_reciprocal_lattice_units,13.30000000000001,1,6.539061111266296,4.6856726286447614,1.8533884826215345,5.8138375595675562,1.1281649309227948
m1_minus,57,L_reciprocal_lattice_units,13.500000000000011,1,5.2814965297119265,4.4444620680824602,0.83703446162946626,4.614613654161043,0.17015158607858272
m1_minus,58,L_reciprocal_lattice_units,13.70000000000001,1,5.0041587586035483,4.2105632677385998,0.79359549086494852,4.4481361619895612,0.2375728942509614
m1_minus,59,L_reciprocal_lattice_units,13.900000000000011,1,5.0587282770379609,3.9841234891380584,1.0746047878999025,4.7663209585907387,0.78219746945268032
m1_minus,60,L_reciprocal_lattice_units,14.10000000000001,1,5.0609834680853076,3.765093629004109,1.2958898390811986,4.552111999860923,0.78701837085681392
m1_minus,61,L_reciprocal_lattice_units,14.300000000000011,1,4.0285367190210515,3.5539715704306549,0.47456514859039656,3.7774298977495455,0.22345832731889059
m1_minus,62,L_reciprocal_lattice_units,14.500000000000011,1,3.768777371726312,3.3505256476368106,0.4182517240895014,3.4099086361558184,0.059382988519007807
m1_minus,63,L_reciprocal_lattice_units,14.700000000000012,1,3.5717160711286144,3.1545879623169992,0.41712810881161522,3.1981357001119495,0.043547737794950248
m1_minus,64,L_reciprocal_lattice_units,14.900000000000011,1,3.4407931376554828,2.96714668801348,0.47364644964200275,3.0103335157051063,0.043186827691626295
m1_minus,65,L_reciprocal_lattice_units,15.100000000000012,1,3.2725730804013669,2.7871112930170567,0.48546178738431012,2.8359397744089381,0.04882848139188134
m1_minus,66,L_reciprocal_lattice_units,15.300000000000011,1,2.8719996873150642,2.6153741897027452,0.25662549761231901,2.6844335417496259,0.06905935204688074
m1_minus,67,L_reciprocal_lattice_units,15.500000000000012,1,3.2582495926810413,2.4522746357917331,0.8059749568893082,2.678086039793488,0.22581140400175492
m1_minus,68,L_reciprocal_lattice_units,15.700000000000012,1,4.3318960321896611,2.2980303304140888,2.0338657017755724,4.2207417956445932,1.9227114652305044
m1_minus,69,L_reciprocal_lattice_units,15.900000000000013,1,8.5560747832470341,2.1536073804497251,6.402467402797309,10.121892951800291,7.9682855713505658
m1_minus,70,L_reciprocal_lattice_units,16.100000000000016,1,9.6089492274525625,2.0226395406722801,7.5863096867802824,9.6590323741951636,7.6363928335228834
m1_minus,71,L_reciprocal_lattice_units,16.300000000000011,1,5.5912593567365398,1.9123027200846623,3.6789566366518773,3.5239231801302147,1.6116204600455524
m1_minus,72,L_reciprocal_lattice_units,16.500000000000014,1,3.6223983119563385,1.7455726284039901,1.8768256835523485,1.9167029775553859,0.1711303491513958
m1_minus,73,L_reciprocal_lattice_units,16.70000000000001,1,2.4777497249609333,1.5720855850345863,0.90566413992634698,1.74698206717678,0.17489648214219367
m1_minus,74,L_reciprocal_lattice_units,16.900000000000013,1,4.7371298270878803,1.4121431823512696,3.3249866447366108,2.2536236444582887,0.8414804621070191
m1_plus,0,L_reciprocal_lattice_units,2.1000000000000001,1,27.45606852660606,24.105586097228009,3.3504824293780509,27.127320988087902,3.0217348908598929
m1_plus,1,L_reciprocal_lattice_units,2.3000000000000003,1,26.128946177767936,23.906983333324277,2.2219628444436594,24.34326938550544,0.43628605218116334
m1_plus,2,L_reciprocal_lattice_units,2.5000000000000004,1,25.674344798730431,23.693190054711469,1.9811547440189621,23.788951963762937,0.095761909051468308
m1_plus,3,L_reciprocal_lattice_units,2.7000000000000006,1,25.941063199237504,23.456430429620212,2.4846327696172921,23.569278752573023,0.11284832295281078
m1_plus,4,L_reciprocal_lattice_units,2.9000000000000008,1,25.484269328545878,23.211288584660874,2.2729807438850038,23.359832572802819,0.14854398814194525
m1_plus,5,L_reciprocal_lattice_units,3.100000000000001,1,25.899612137268321,22.948089519940222,2.9515226173280986,23.149030336538949,0.20094081659872742
m1_plus,6,L_reciprocal_lattice_units,3.3000000000000012,1,26.438917980524835,22.670114055348417,3.7688039251764174,22.947520463034401,0.27740640768598368
m1_plus,7,L_reciprocal_lattice_units,3.5000000000000013,1,27.864448679288088,22.382765715694205,5.4816829635938831,22.841619628593495,0.4588539128992899
m1_plus,8,L_reciprocal_lattice_units,3.7000000000000015,1,30.285170731091306,22.077883547765282,8.2072871833260237,24.798681349300484,2.7207978015352019
m1_plus,9,L_reciprocal_lattice_units,3.9000000000000017,1,40.838912942717805,21.766828856967408,19.072084085750397,38.235198439445696,16.468369582478289
m1_plus,10,L_reciprocal_lattice_units,4.1000000000000014,1,41.895354586203773,21.440071285806596,20.455283300397177,38.405347300953736,16.96527601514714
m1_plus,11,L_reciprocal_lattice_units,4.3000000000000025,1,33.869683865028676,21.106683757853936,12.76300010717474,25.156494925803493,4.0498111679495565
m1_plus,12,L_reciprocal_lattice_units,4.5000000000000018,1,39.714444695802854,20.760969155169665,18.953475540633189,25.070133285519962,4.3091641303502968
m1_plus,13,L_reciprocal_lattice_units,4.7000000000000028,1,80.174659366717393,20.408952796320076,59.765706570397313,64.214150850495315,43.805198054175236
m1_plus,14,L_reciprocal_lattice_units,4.9000000000000021,1,250.39787533286267,20.046385853100205,230.35148947976245,283.09324020889375,263.04685435579353
m1_plus,15,L_reciprocal_lattice_units,5.1000000000000032,1,285.08063940019088,19.679234196091016,265.40140520409989,279.42941078206115,259.75017658597017
m1_plus,16,L_reciprocal_lattice_units,5.3000000000000025,1,95.205861134498093,19.304976436499139,75.900884697998947,61.468219388322701,42.163242951823563
m1_plus,17,L_reciprocal_lattice_units,5.5000000000000036,1,43.122204987190401,18.922645037939727,24.199559949250673,22.710821481739885,3.7881764438001575
m1_plus,18,L_reciprocal_lattice_units,5.7000000000000028,1,31.751760417112564,18.538590316240125,13.213170100872439,19.927225857956692,1.3886355417165674
m1_plus,19,L_reciprocal_lattice_units,5.9000000000000039,1,27.197671463376793,18.148505217148426,9.0491662462283671,18.960998655708092,0.81249343855966671
m1_plus,20,L_reciprocal_lattice_units,6.1000000000000032,1,25.870136270402718,17.754407872820806,8.1157283975819112,18.281113295591261,0.52670542277045485
m1_plus,21,L_reciprocal_lattice_units,6.3000000000000043,1,22.871304414075325,17.358436927989992,5.5128674860853337,17.705520126423341,0.34708319843334934
m1_plus,22,L_reciprocal_lattice_units,6.5000000000000036,1,21.166925259259152,16.958659811940194,4.2082654473189578,17.23169738894056,0.27303757700036613
m1_plus,23,L_reciprocal_lattice_units,6.7000000000000046,1,20.287319447747954,16.558384046889113,3.7289354008588411,17.153019934526316,0.5946358876372031
m1_plus,24,L_reciprocal_lattice_units,6.9000000000000039,1,20.265245391375039,16.156059583282481,4.1091858080925583,18.187038783740668,2.0309792004581873
m1_plus,25,L_reciprocal_lattice_units,7.100000000000005,1,20.956844026420455,15.753439813042307,5.203404213378148,17.559588474443967,1.8061486614016591
m1_plus,26,L_reciprocal_lattice_units,7.3000000000000043,1,18.70184610531366,15.35094306305243,3.3509030422612298,15.691786109319432,0.34084304626700224
m1_plus,27,L_reciprocal_lattice_units,7.5000000000000053,1,17.993622201947993,14.947936421166574,3.0456857807814188,15.096031957341241,0.14809553617466698
m1_plus,28,L_reciprocal_lattice_units,7.7000000000000046,1,19.548879047735998,14.548031311546723,5.0008477361892751,16.122832235427413,1.5748009238806908
m1_plus,29,L_reciprocal_lattice_units,7.9000000000000057,1,22.93316518166133,14.146691970739278,8.7864732109220522,21.792140192545205,7.6454482218059265
m1_plus,30,L_reciprocal_lattice_units,8.100000000000005,1,21.955995956448028,13.749234383154459,8.2067615732935693,21.621147250865686,7.8719128677112273
m1_plus,31,L_reciprocal_lattice_units,8.300000000000006,1,15.959307379383912,13.351631688443389,2.607675690940523,15.24030961476009,1.8886779263167011
m1_plus,32,L_reciprocal_lattice_units,8.5000000000000053,1,14.249717226132066,12.959359494867901,1.2903577312641659,13.352860437293126,0.39350094242522538
m1_plus,33,L_reciprocal_lattice_units,8.7000000000000064,1,13.951805669344836,12.567438780999916,1.3843668883449194,12.850463127806517,0.28302434680660049
m1_plus,34,L_reciprocal_lattice_units,8.9000000000000057,1,13.662858723983305,12.181772824102296,1.481085899881009,12.493324608585018,0.31155178448272203
m1_plus,35,L_reciprocal_lattice_units,9.1000000000000068,1,14.382899681429016,11.796359571524581,2.5865401099044352,12.233979820277352,0.43762024875277028
m1_plus,36,L_reciprocal_lattice_units,9.300000000000006,1,15.251663797799075,11.416519588175372,3.8351442096237029,12.197890553302955,0.7813709651275822
m1_plus,37,L_reciprocal_lattice_units,9.5000000000000071,1,19.766234493452707,11.042056159867847,8.7241783335848595,14.073163592546406,3.0311074326785583
m1_plus,38,L_reciprocal_lattice_units,9.7000000000000064,1,40.157630233091723,10.669711750440783,29.48791848265094,37.537936483853258,26.868224733412475
m1_plus,39,L_reciprocal_lattice_units,9.9000000000000075,1,110.08493619609837,10.303345007452721,99.781591188645649,117.42492225329826,107.12157724584554
m1_plus,40,L_reciprocal_lattice_units,10.100000000000007,1,115.04067526225987,9.9415056623748548,105.09916959988502,114.85536668334963,104.91386102097478
m1_plus,41,L_reciprocal_lattice_units,10.300000000000008,1,40.74176527435808,9.5858665784448096,31.155898695913272,34.14584306771448,24.559976489269673
m1_plus,42,L_reciprocal_lattice_units,10.500000000000007,1,19.481094899340846,9.2336625883983974,10.247432310942449,12.491710366765457,3.2580477783670592
m1_plus,43,L_reciprocal_lattice_units,10.700000000000008,1,18.664364827635442,8.8886282462658901,9.7757365813695518,16.553229074927959,7.6646008286620688
m1_plus,44,L_reciprocal_lattice_units,10.900000000000007,1,34.554798627149339,8.5482448155232404,26.006553811626098,35.966344555020044,27.418099739496803
m1_plus,45,L_reciprocal_lattice_units,11.100000000000009,1,36.229787965632759,8.2138269960399874,28.015960969592772,34.800037111587898,26.58621011554791
m1_plus,46,L_reciprocal_lattice_units,11.300000000000008,1,17.846817395678602,7.8857882913351567,9.9610291043434458,14.234702216833675,6.3489139254985183
m1_plus,47,L_reciprocal_lattice_units,11.500000000000009,1,11.74652811935422,7.5644454055296846,4.1820827138245358,8.2041990445740876,0.63975363904440297
m1_plus,48,L_reciprocal_lattice_units,11.700000000000008,1,10.131506744239552,7.2485482905583032,2.8829584536812485,7.3778170339467355,0.12926874338843231
m1_plus,49,L_reciprocal_lattice_units,11.900000000000009,1,9.1537881458378507,6.9392261214856026,2.2145620243522481,6.9936268819995977,0.054400760513995117
m1_plus,50,L_reciprocal_lattice_units,12.100000000000009,1,8.8217386108658715,6.6364481174595502,2.1852904934063213,6.6660072036221258,0.029559086162575632
m1_plus,51,L_reciprocal_lattice_units,12.30000000000001,1,8.5612073934139303,6.3407129010368521,2.2204944923770782,6.3651308075173052,0.024417906480453055
m1_plus,52,L_reciprocal_lattice_units,12.500000000000009,1,8.530627060337924,6.0511954156492491,2.4794316446886748,6.1674702576744638,0.11627484202521465
m1_plus,53,L_reciprocal_lattice_units,12.70000000000001,1,8.8974597507374327,5.7687789760327677,3.128680774704665,6.960493415281876,1.1917144392491084
m1_plus,54,L_reciprocal_lattice_units,12.900000000000009,1,10.844713999517385,5.4933068655511912,5.3514071339661937,10.187514875672399,4.6942080101212076
m1_plus,55,L_reciprocal_lattice_units,13.10000000000001,1,10.421878408606666,5.2248737660105489,5.1970046425961174,9.9492203657099481,4.7243465996993992
m1_plus,56,L_reciprocal_lattice_units,13.30000000000001,1,6.9189816270393933,4.9634976308003296,1.9554839962390638,6.1832246093214795,1.21972697852115
m1_plus,57,L_reciprocal_lattice_units,13.500000000000011,1,6.0277082926838474,4.7098922433166672,1.3178160493671802,4.8971956909592196,0.18730344764255236
m1_plus,58,L_reciprocal_lattice_units,13.70000000000001,1,5.5167871821864516,4.462917400064919,1.0538697821215326,4.719844042275759,0.25692664221084005
m1_plus,59,L_reciprocal_lattice_units,13.900000000000011,1,5.8327742895026873,4.2236761428309055,1.6090981466717817,5.0563688190934304,0.83269267626252486
m1_plus,60,L_reciprocal_lattice_units,14.10000000000001,1,5.3399753746455971,3.9917529691656068,1.3482224054799903,4.8292616383713494,0.83750866920574252
m1_plus,61,L_reciprocal_lattice_units,14.300000000000011,1,4.6103717373949387,3.7673281556258837,0.84304358176905492,4.0075791207694147,0.24025096514353095
m1_plus,62,L_reciprocal_lattice_units,14.500000000000011,1,4.1843972269436591,3.5506565109858439,0.63374071595781523,3.6145530583274166,0.063896547341572685
m1_plus,63,L_reciprocal_lattice_units,14.700000000000012,1,3.7386368256471627,3.3416492133135254,0.39698761233363733,3.3880594968378031,0.046410283524277673
m1_plus,64,L_reciprocal_lattice_units,14.900000000000011,1,3.518083206419254,3.140175735569815,0.37790747084943899,3.18609843589407,0.04592270032425505
m1_plus,65,L_reciprocal_lattice_units,15.100000000000012,1,3.3236078946895375,2.9468771284748319,0.37673076621470569,2.9987368621421226,0.051859733667290797
m1_plus,66,L_reciprocal_lattice_units,15.300000000000011,1,3.0438898416576201,2.7615489038093375,0.28234093784828262,2.8352694641800382,0.073720560370700738
m1_plus,67,L_reciprocal_lattice_units,15.500000000000012,1,3.323921801163717,2.5844187194511221,0.73950308171259493,2.8290692291503667,0.24465050969924462
m1_plus,68,L_reciprocal_lattice_units,15.700000000000012,1,4.6149937003408432,2.4159670028146594,2.1990266975261838,4.4601351780917984,2.044168175277139
m1_plus,69,L_reciprocal_lattice_units,15.900000000000013,1,8.7869744336272042,2.2568203889164593,6.5301540447107449,10.597078847860036,8.3402584589435769
m1_plus,70,L_reciprocal_lattice_units,16.100000000000016,1,9.8314700880179267,2.1095483259011529,7.7219217621167733,10.067700183858278,7.9581518579571249
m1_plus,71,L_reciprocal_lattice_units,16.300000000000011,1,4.6655303049832071,1.9794141071085525,2.6861161978746546,3.6585391377795276,1.6791250306709751
m1_plus,72,L_reciprocal_lattice_units,16.500000000000014,1,2.7796290204938536,1.8015535829333431,0.97807543756051052,1.9807204695898553,0.17916688665651215
m1_plus,73,L_reciprocal_lattice_units,16.70000000000001,1,2.2963194340161603,1.6195179709387733,0.67680146307738709,1.8007368184802022,0.18121884754142892
m1_plus,74,L_reciprocal_lattice_units,16.900000000000013,1,2.3201887112944952,1.4510394542680913,0.86914925702640389,2.314298894090129,0.86325943982203768
m3_minus,0,L_reciprocal_lattice_units,2.1000000000000001,1,5.5015982040828035,7.0933264523948516,-1.5917282483120481,7.1522714521322941,0.058944999737442494
m3_minus,1,L_reciprocal_lattice_units,2.3000000000000003,1,5.5374392377610313,7.0344109547729907,-1.4969717170119594,7.0906630444735415,0.056252089700550734
m3_minus,2,L_reciprocal_lattice_units,2.5000000000000004,1,6.1939824376454844,6.9700884548165583,-0.77610601717107386,7.120185701977614,0.15009724716105577
m3_minus,3,L_reciprocal_lattice_units,2.7000000000000006,1,6.5949387723544817,6.8999259181967503,-0.3049871458422686,7.51636140091827,0.61643548272151971
m3_minus,4,L_reciprocal_lattice_units,2.9000000000000008,1,7.4809726183811023,6.8259397318637705,0.65503288651733182,8.3682216103566844,1.542281878492914
m3_minus,5,L_reciprocal_lattice_units,3.100000000000001,1,7.4089220006835887,6.74714461497899,0.66177738570459876,8.3360962568510395,1.5889516418720495
m3_minus,6,L_reciprocal_lattice_units,3.3000000000000012,1,6.3267265626631222,6.6637646187644499,-0.33703805610132775,7.3923219839952266,0.72855736523077663
m3_minus,7,L_reciprocal_lattice_units,3.5000000000000013,1,6.1245229977963973,6.5768006125667018,-0.45227761477030448,6.8026743291358658,0.225873716569164
m3_minus,8,L_reciprocal_lattice_units,3.7000000000000015,1,5.7869751033262702,6.4855510273848909,-0.69857592405862068,6.5694599473836313,0.083908919998740394
m3_minus,9,L_reciprocal_lattice_units,3.9000000000000017,1,5.715404608820311,6.390635633226192,-0.67523102440588101,6.4480379108856347,0.057402277659442724
m3_minus,10,L_reciprocal_lattice_units,4.1000000000000014,1,5.9416389230828095,6.2921339044510649,-0.35049498136825541,6.3430095010803624,0.050875596629297526
m3_minus,11,L_reciprocal_lattice_units,4.3000000000000025,1,5.6165052305147363,6.1900757613642829,-0.57357053084954668,6.2425874223344753,0.052511660970192331
m3_minus,12,L_reciprocal_lattice_units,4.5000000000000018,1,6.0562687511704674,6.084756057956958,-0.028487306786490585,6.1436391893457909,0.058883131388832943
m3_minus,13,L_reciprocal_lattice_units,4.7000000000000028,1,5.798993621540447,5.9764253967890655,-0.17743177524861853,6.0421475696004885,0.065722172811423007
m3_minus,14,L_reciprocal_lattice_units,4.9000000000000021,1,5.6558197220916995,5.8654068595718201,-0.20958713748012059,5.9341764044188183,0.068769544846998265
m3_minus,15,L_reciprocal_lattice_units,5.1000000000000032,1,5.7323224334430023,5.7514370633326184,-0.019114629889616097,5.8465493942547617,0.095112330922143329
m3_minus,16,L_reciprocal_lattice_units,5.3000000000000025,1,5.8078526043997556,5.6352784104750677,0.17257419392468787,5.8696420216279019,0.23436361115283422
m3_minus,17,L_reciprocal_lattice_units,5.5000000000000036,1,6.6885272692044957,5.5164623465346994,1.1720649226697963,6.6533060749485875,1.1368437284138881
m3_minus,18,L_reciprocal_lattice_units,5.7000000000000028,1,8.9651878010532116,5.3958183457202242,3.5693694553329873,9.8174194547255809,4.4216011090053566
m3_minus,19,L_reciprocal_lattice_units,5.9000000000000039,1,14.777235202347313,5.2733985473406459,9.5038366550066673,15.618206569874761,10.344808022534115
m3_minus,20,L_reciprocal_lattice_units,6.1000000000000032,1,16.177729018200999,5.1493009383010167,11.028428079899982,15.236442568012112,10.087141629711095
m3_minus,21,L_reciprocal_lattice_units,6.3000000000000043,1,9.3495916366131731,5.0234168833298698,4.3261747532833033,9.1614825557530342,4.1380656724231644
m3_minus,22,L_reciprocal_lattice_units,6.5000000000000036,1,6.5365808717567475,4.8963858337978943,1.6401950379588532,5.8587936481750402,0.96240781437714595
m3_minus,23,L_reciprocal_lattice_units,6.7000000000000046,1,5.4144484083345112,4.7684622269006791,0.64598618143383213,4.9289219124057357,0.16045968550505663
m3_minus,24,L_reciprocal_lattice_units,6.9000000000000039,1,5.187235180152399,4.6394745034002511,0.5477606767521479,4.6863619015856957,0.046887398185444518
m3_minus,25,L_reciprocal_lattice_units,7.100000000000005,1,4.899902805567919,4.510110999159493,0.38979180640842603,4.5369575218624245,0.02684652270293153
m3_minus,26,L_reciprocal_lattice_units,7.3000000000000043,1,4.6804604882788361,4.3798919407658916,0.30056854751294448,4.3979447770018298,0.01805283623593823
m3_minus,27,L_reciprocal_lattice_units,7.5000000000000053,1,4.7395777569545423,4.2494555568937926,0.49012220006074969,4.2621434269303524,0.012687870036559801
m3_minus,28,L_reciprocal_lattice_units,7.7000000000000046,1,4.6264838349424195,4.1191688355503295,0.50731499939209002,4.1281125986748766,0.0089437631245470328
m3_minus,29,L_reciprocal_lattice_units,7.9000000000000057,1,4.5143109223042401,3.9889701418694448,0.52534078043479537,3.9951712807649145,0.0062011388954696933
m3_minus,30,L_reciprocal_lattice_units,8.100000000000005,1,4.22202193560911,3.8589886855318443,0.36303325007726572,3.8646925240127992,0.0057038384809549036
m3_minus,31,L_reciprocal_lattice_units,8.300000000000006,1,4.0338144673590648,3.7295667801189758,0.30424768724008899,3.7475749124540085,0.018008132335032734
m3_minus,32,L_reciprocal_lattice_units,8.5000000000000053,1,4.2321651928474004,3.6007117815043905,0.63145341134300992,3.7116092558276974,0.11089747432330688
m3_minus,33,L_reciprocal_lattice_units,8.7000000000000064,1,4.2878402517395457,3.472769738621539,0.81507051311800671,3.9233594920586299,0.45058975343709085
m3_minus,34,L_reciprocal_lattice_units,8.9000000000000057,1,4.7214088302999464,3.3459000646886672,1.3755087656112792,4.3986888899308578,1.0527888252421906
m3_minus,35,L_reciprocal_lattice_units,9.1000000000000068,1,4.8815348471242679,3.2201147604559806,1.6614200866682873,4.2695594422329286,1.0494446817769481
m3_minus,36,L_reciprocal_lattice_units,9.300000000000006,1,3.7816076179159701,3.0959521726142873,0.68565544530168276,3.5468995267592365,0.45094735414494913
m3_minus,37,L_reciprocal_lattice_units,9.5000000000000071,1,3.3735656175564372,2.9731001732648363,0.40046544429160091,3.0924514649559498,0.11935129169111347
m3_minus,38,L_reciprocal_lattice_units,9.7000000000000064,1,2.9747645825135898,2.8520963767257981,0.1226682057877917,2.882073559154585,0.029977182428786886
m3_minus,39,L_reciprocal_lattice_units,9.9000000000000075,1,2.9497803676674241,2.7329192074286381,0.21686116023878599,2.7483164311973507,0.015397223768712553
m3_minus,40,L_reciprocal_lattice_units,10.100000000000007,1,2.8810884448389604,2.6157146083196796,0.26537383651928081,2.6275612947182418,0.011846686398562234
m3_minus,41,L_reciprocal_lattice_units,10.300000000000008,1,2.5360141673799763,2.5007630585123248,0.035251108867651482,2.5107396663906307,0.0099766078783058987
m3_minus,42,L_reciprocal_lattice_units,10.500000000000007,1,2.5537768460948858,2.3880314226932837,0.16574542340160203,2.3969802470194344,0.0089488243261506284
m3_minus,43,L_reciprocal_lattice_units,10.700000000000008,1,2.3597067781111924,2.2778582358879342,0.081848542223258214,2.286550801076491,0.0086925651885567667
m3_minus,44,L_reciprocal_lattice_units,10.900000000000007,1,2.2562786825554326,2.1701549675960861,0.086123714959346565,2.1792209561817435,0.0090659885856574363
m3_minus,45,L_reciprocal_lattice_units,11.100000000000009,1,2.1372115643455523,2.0650988431603281,0.07211272118522416,2.0753537204319761,0.010254877271647977
m3_minus,46,L_reciprocal_lattice_units,11.300000000000008,1,2.0983095189714707,1.9630489479707811,0.13526057100068956,1.9781787262490009,0.015129778278219819
m3_minus,47,L_reciprocal_lattice_units,11.500000000000009,1,1.9075364873665794,1.8639682249389236,0.043568262427655879,1.9041040882752849,0.040135863336361322
m3_minus,48,L_reciprocal_lattice_units,11.700000000000008,1,1.9013247241193554,1.767727311727052,0.13359741239230338,1.8875832864243465,0.11985597469729448
m3_minus,49,L_reciprocal_lattice_units,11.900000000000009,1,1.8231706770174281,1.6747006873435306,0.14846998967389746,1.92250304084929,0.24780235350575941
m3_minus,50,L_reciprocal_lattice_units,12.100000000000009,1,2.0025519055961833,1.5849821453174691,0.41756976027871429,1.8119969328347922,0.22701478751732318
m3_minus,51,L_reciprocal_lattice_units,12.30000000000001,1,1.794178337788594,1.4984772232478687,0.29570111454072534,1.588329647758528,0.089852424510659334
m3_minus,52,L_reciprocal_lattice_units,12.500000000000009,1,1.6028290121517248,1.4154150708292017,0.18741394132252309,1.4359422737778693,0.020527202948667611
m3_minus,53,L_reciprocal_lattice_units,12.70000000000001,1,1.4028864365928246,1.3357790108336385,0.067107425759186157,1.3404568767411684,0.0046778659075299434
m3_minus,54,L_reciprocal_lattice_units,12.900000000000009,1,1.2835892597745868,1.2596486288626574,0.023940630911929439,1.2632197236243072,0.0035710947616498512
m3_minus,55,L_reciprocal_lattice_units,13.10000000000001,1,1.3120660291866795,1.1870727704733059,0.12499325871337352,1.191263834549557,0.0041910640762510276
m3_minus,56,L_reciprocal_lattice_units,13.30000000000001,1,1.2199264609853309,1.1181356067335155,0.10179085425181533,1.1233326808864761,0.0051970741529605569
m3_minus,57,L_reciprocal_lattice_units,13.500000000000011,1,1.0642679529757171,1.0528337822376235,0.011434170738093608,1.0594458249190029,0.006612042681379382
m3_minus,58,L_reciprocal_lattice_units,13.70000000000001,1,1.1027627315071893,0.99113895564831422,0.11162377585887506,0.99996276720844568,0.008823811560131456
m3_minus,59,L_reciprocal_lattice_units,13.900000000000011,1,1.1023282803950742,0.93307909361771901,0.16924918677735523,0.94713282572312052,0.014053732105401506
m3_minus,60,L_reciprocal_lattice_units,14.10000000000001,1,1.0461481194952924,0.87865857195315722,0.16748954754213519,0.90944350916606176,0.03078493721290454
m3_minus,61,L_reciprocal_lattice_units,14.300000000000011,1,1.1504711206773184,0.82788936522987455,0.32258175544744383,0.93323911950744076,0.10534975427756621
m3_minus,62,L_reciprocal_lattice_units,14.500000000000011,1,1.5797223227762345,0.78064750075777689,0.79907482201845759,1.3061189531115938,0.52547145235381687
m3_minus,63,L_reciprocal_lattice_units,14.700000000000012,1,2.4609128907949653,0.73697776349383359,1.7239351273011319,2.6676943322815201,1.9307165687876866
m3_minus,64,L_reciprocal_lattice_units,14.900000000000011,1,4.8812039955892885,0.70940649213100893,4.1717975034582793,5.390478807588198,4.6810723154571887
m3_minus,65,L_reciprocal_lattice_units,15.100000000000012,1,6.0977011479207377,0.70217454330026374,5.395526604620474,6.4181851735346198,5.7160106302343561
m3_minus,66,L_reciprocal_lattice_units,15.300000000000011,1,3.631707795414453,0.69508341261672868,2.9366243827977243,3.8078227564265852,3.1127393438098565
m3_minus,67,L_reciprocal_lattice_units,15.500000000000012,1,1.9755331819305617,0.68824011306115085,1.2872930688694109,1.6952797616860453,1.0070396486248945
m3_minus,68,L_reciprocal_lattice_units,15.700000000000012,1,1.0860705534515649,0.68048619196688509,0.4055843614846798,0.89558613057507941,0.21509993860819432
m3_minus,69,L_reciprocal_lattice_units,15.900000000000013,1,1.7696002410158087,0.67434787402697938,1.0952523669888294,0.74437698873841496,0.070029114711435581
m3_minus,70,L_reciprocal_lattice_units,16.100000000000016,0,nan,nan,nan,nan,nan
m3_minus,71,L_reciprocal_lattice_units,16.300000000000011,0,nan,nan,nan,nan,nan
m3_minus,72,L_reciprocal_lattice_units,16.500000000000014,0,nan,nan,nan,nan,nan
m3_minus,73,L_reciprocal_lattice_units,16.70000000000001,0,nan,nan,nan,nan,nan
m3_minus,74,L_reciprocal_lattice_units,16.900000000000013,0,nan,nan,nan,nan,nan
m3_plus,0,L_reciprocal_lattice_units,2.1000000000000001,1,6.1789679701568829,7.8194456135433192,-1.6404776433864363,7.8762422705372144,0.056796656993895134
m3_plus,1,L_reciprocal_lattice_units,2.3000000000000003,1,5.9191261563215143,7.7578359312582252,-1.838709774936711,7.8361994306736689,0.078363499415443627
m3_plus,2,L_reciprocal_lattice_units,2.5000000000000004,1,6.2599580637340004,7.6903552995542226,-1.4303972358202222,7.8688499295681327,0.17849463001391008
m3_plus,3,L_reciprocal_lattice_units,2.7000000000000006,1,7.2907939081133186,7.6178911270392708,-0.32709721892595223,8.3153718454826269,0.69748071844335602
m3_plus,4,L_reciprocal_lattice_units,2.9000000000000008,1,7.822601141247425,7.540086483979052,0.28251465726837299,9.2987352662194578,1.7586487822404058
m3_plus,5,L_reciprocal_lattice_units,3.100000000000001,1,8.3938403225774145,7.4574484667190077,0.93639185585840679,9.2905758004003438,1.8331273336813361
m3_plus,6,L_reciprocal_lattice_units,3.3000000000000012,1,6.9100306856176061,7.3704539317772779,-0.46042324615967178,8.1971502251283894,0.8266962933511115
m3_plus,7,L_reciprocal_lattice_units,3.5000000000000013,1,6.7483425156771482,7.2790015395626702,-0.530659023885522,7.528691778147631,0.24969023858496087
m3_plus,8,L_reciprocal_lattice_units,3.7000000000000015,1,6.6621795164191084,7.1830225711787152,-0.52084305475960679,7.2746687977494116,0.091646226570696321
m3_plus,9,L_reciprocal_lattice_units,3.9000000000000017,1,6.6037175720660883,7.0833873019257556,-0.47966972985966727,7.1525853630434,0.069198061117644372
m3_plus,10,L_reciprocal_lattice_units,4.1000000000000014,1,6.4940780786638861,6.9796217952743813,-0.48554371661049522,7.0418990421182555,0.062277246843874146
m3_plus,11,L_reciprocal_lattice_units,4.3000000000000025,1,6.460173305720275,6.8721249811279224,-0.41195167540764732,6.9434266072291413,0.071301626101218929
m3_plus,12,L_reciprocal_lattice_units,4.5000000000000018,1,6.2600705309640148,6.7613037081308951,-0.50123317716688032,6.8209843713352063,0.059680663204311202
m3_plus,13,L_reciprocal_lattice_units,4.7000000000000028,1,6.3351626920330375,6.6470812505368135,-0.31191855850377603,6.7156602922993374,0.068579041762523829
m3_plus,14,L_reciprocal_lattice_units,4.9000000000000021,1,6.3926131185756496,6.5297138892995825,-0.1371007707239329,6.6128277484867946,0.083113859187212036
m3_plus,15,L_reciprocal_lattice_units,5.1000000000000032,1,6.471467868768439,6.4092129554459332,0.062254913322505878,6.5197742247989607,0.11056126935302757
m3_plus,16,L_reciprocal_lattice_units,5.3000000000000025,1,6.3883610265961792,6.2860827424818719,0.10227828411430728,6.5575623246590737,0.27147958217720181
m3_plus,17,L_reciprocal_lattice_units,5.5000000000000036,1,7.403693051915706,6.1603058449938963,1.2433872069218097,7.4648209137921713,1.3045150687982749
m3_plus,18,L_reciprocal_lattice_units,5.7000000000000028,1,10.304572530333896,6.0321807170339286,4.2723918132999676,11.11768214737276,5.0855014303388311
m3_plus,19,L_reciprocal_lattice_units,5.9000000000000039,1,16.894314503184543,5.9021019798657193,10.992212523318823,17.741578128053057,11.839476148187337
m3_plus,20,L_reciprocal_lattice_units,6.1000000000000032,1,16.950603798313189,5.7699391573612555,11.180664640951933,17.391048246574812,11.621109089213556
m3_plus,21,L_reciprocal_lattice_units,6.3000000000000043,1,9.9366120720203917,5.6360049415938782,4.3006071304265134,10.415689509810058,4.7796845682161795
m3_plus,22,L_reciprocal_lattice_units,6.5000000000000036,1,6.8689773580110689,5.5002890870785146,1.3686882709325543,6.6173302818898732,1.1170411948113586
m3_plus,23,L_reciprocal_lattice_units,6.7000000000000046,1,5.8749731670944918,5.3640244625729796,0.5109487045215122,5.5482162647049842,0.18419180213200459
m3_plus,24,L_reciprocal_lattice_units,6.9000000000000039,1,5.4379769851650579,5.2256960310234648,0.21228095414159309,5.2800636828337844,0.054367651810319551
m3_plus,25,L_reciprocal_lattice_units,7.100000000000005,1,5.0495039271382076,5.0868648395011533,-0.037360912362945697,5.1176918553518913,0.030827015850737993
m3_plus,26,L_reciprocal_lattice_units,7.3000000000000043,1,4.7062359085635492,4.9471300202181947,-0.24089411165464547,4.967944425639117,0.020814405420922277
m3_plus,27,L_reciprocal_lattice_units,7.5000000000000053,1,4.7928482516582065,4.8073355841310939,-0.01448733247288736,4.8218120664025106,0.014476482271416735
m3_plus,28,L_reciprocal_lattice_units,7.7000000000000046,1,4.5778553639135389,4.6663909223371229,-0.088535558423584071,4.6766740205576109,0.010283098220488007
m3_plus,29,L_reciprocal_lattice_units,7.9000000000000057,1,4.4534263091274404,4.5259975412420816,-0.072571232114641226,4.5331267729609266,0.0071292317188449417
m3_plus,30,L_reciprocal_lattice_units,8.100000000000005,1,4.4915802762791124,4.3854721175530758,0.10610815872603663,4.3921680902053417,0.0066959726522659579
m3_plus,31,L_reciprocal_lattice_units,8.300000000000006,1,4.2273121662548689,4.2451529160341606,-0.01784074977929162,4.2663424183666017,0.021189502332441101
m3_plus,32,L_reciprocal_lattice_units,8.5000000000000053,1,4.6136389879230997,4.1053370017001054,0.50830198622299427,4.234726190366306,0.12938918866620064
m3_plus,33,L_reciprocal_lattice_units,8.7000000000000064,1,4.5001317967473504,3.9660136567853987,0.53411813996195168,4.4895748067581467,0.52356114997274794
m3_plus,34,L_reciprocal_lattice_units,8.9000000000000057,1,5.2335641577349037,3.8276531919902235,1.4059109657446802,5.0483430098065849,1.2206898178163614
m3_plus,35,L_reciprocal_lattice_units,9.1000000000000068,1,5.1733182841891647,3.6902727929386159,1.4830454912505489,4.9074541264432625,1.2171813335046466
m3_plus,36,L_reciprocal_lattice_units,9.300000000000006,1,4.0468138173259085,3.5540459426634072,0.49276787466250127,4.0790965725273738,0.52505062986396656
m3_plus,37,L_reciprocal_lattice_units,9.5000000000000071,1,3.671272873698598,3.4190455905209274,0.25222728317767062,3.5586781564720114,0.13963256595108398
m3_plus,38,L_reciprocal_lattice_units,9.7000000000000064,1,3.2491628836635709,3.2856124742565331,-0.036449590592962267,3.3207105045106955,0.03509803025416236
m3_plus,39,L_reciprocal_lattice_units,9.9000000000000075,1,3.1415744083418335,3.1540336938983367,-0.012459285556503108,3.1719977414178948,0.017964047519558157
m3_plus,40,L_reciprocal_lattice_units,10.100000000000007,1,3.1057998428655651,3.0241527785776245,0.081647064287940552,3.0379541431558468,0.013801364578222231
m3_plus,41,L_reciprocal_lattice_units,10.300000000000008,1,2.9687039781416491,2.8962815695161037,0.072422408625545387,2.9079406270168162,0.0116590575007125
m3_plus,42,L_reciprocal_lattice_units,10.500000000000007,1,2.6845325958982365,2.7705799554952057,-0.086047359596969297,2.7810610610635198,0.010481105568314053
m3_plus,43,L_reciprocal_lattice_units,10.700000000000008,1,2.7247922584734887,2.6472512845672571,0.077540973906231603,2.6574390977993363,0.010187813232079179
m3_plus,44,L_reciprocal_lattice_units,10.900000000000007,1,2.4691090516456757,2.5265009010377435,-0.057391849392067762,2.537129201346775,0.010628300309031502
m3_plus,45,L_reciprocal_lattice_units,11.100000000000009,1,2.4367608787646802,2.4081764551051292,0.028584423659550939,2.4201984555295089,0.01202200042437962
m3_plus,46,L_reciprocal_lattice_units,11.300000000000008,1,2.34132674394532,2.2926656863416444,0.048661057603675673,2.3105305111246373,0.017864824782992894
m3_plus,47,L_reciprocal_lattice_units,11.500000000000009,1,2.3557313054233031,2.1798876488368468,0.17584365658645629,2.2273771713032731,0.047489522466426237
m3_plus,48,L_reciprocal_lattice_units,11.700000000000008,1,2.3221514307176783,2.0703448571227399,0.25180657359493841,2.211788116696221,0.14144325957348114
m3_plus,49,L_reciprocal_lattice_units,11.900000000000009,1,2.3451102877112149,1.9636920946045333,0.38141819310668157,2.2549472901163266,0.29125519551179324
m3_plus,50,L_reciprocal_lattice_units,12.100000000000009,1,2.2360594370707307,1.8605153463563291,0.37554409071440165,2.1277111225987069,0.26719577624237778
m3_plus,51,L_reciprocal_lattice_units,12.30000000000001,1,2.0776170486675696,1.7604674212824822,0.31714962738508734,1.8668140262406974,0.10634660495821513
m3_plus,52,L_reciprocal_lattice_units,12.500000000000009,1,1.9195417759927924,1.664010748944363,0.25553102704842945,1.6884936607074541,0.024482911763091142
m3_plus,53,L_reciprocal_lattice_units,12.70000000000001,1,1.8940657866457986,1.5709455002833916,0.32312028636240697,1.5765158700887871,0.005570369805395492
m3_plus,54,L_reciprocal_lattice_units,12.900000000000009,1,1.7564833122595598,1.4815483427897878,0.27493496946977203,1.4857847340628554,0.0042363912730676301
m3_plus,55,L_reciprocal_lattice_units,13.10000000000001,1,1.8686072864115779,1.3958129318815169,0.47279435453006102,1.4007935294441065,0.0049805975625896171
m3_plus,56,L_reciprocal_lattice_units,13.30000000000001,1,1.5119540424967859,1.3138798508292031,0.19807419166758278,1.3200624290055736,0.0061825781763704679
m3_plus,57,L_reciprocal_lattice_units,13.500000000000011,1,1.4886688020003387,1.2356923234386961,0.25297647856164263,1.243564535558997,0.0078722121203009809
m3_plus,58,L_reciprocal_lattice_units,13.70000000000001,1,1.3545700040719399,1.1613899909960632,0.19318001307587673,1.1719742337563985,0.010584242760335316
m3_plus,59,L_reciprocal_lattice_units,13.900000000000011,1,1.2990328227339294,1.0909865551016389,0.2080462676322905,1.1079454930402171,0.016958937938578167
m3_plus,60,L_reciprocal_lattice_units,14.10000000000001,1,1.2746609908169955,1.0244779320627855,0.25018305875420999,1.0613340087747256,0.036856076711940133
m3_plus,61,L_reciprocal_lattice_units,14.300000000000011,1,1.659026565326073,0.96187294180634919,0.69715362351972376,1.0890179783380336,0.12714503653168441
m3_plus,62,L_reciprocal_lattice_units,14.500000000000011,1,1.9935897305597674,0.90323514064815991,1.0903545899116076,1.5375935122323054,0.63435837158414554
m3_plus,63,L_reciprocal_lattice_units,14.700000000000012,1,3.1097544181211081,0.84852886981916531,2.261225548301943,3.1718667551154605,2.3233378852962954
m3_plus,64,L_reciprocal_lattice_units,14.900000000000011,1,5.6670571919412822,0.79766411746035037,4.8693930744809322,5.9328088011207178,5.1351446836603678
m3_plus,65,L_reciprocal_lattice_units,15.100000000000012,1,5.7603847632342813,0.75939641437049776,5.0009883488637836,5.8811733539172719,5.1217769395467743
m3_plus,66,L_reciprocal_lattice_units,15.300000000000011,1,3.254675931042172,0.74866326307018227,2.5060126679719898,3.3740786450198796,2.6254153819496975
m3_plus,67,L_reciprocal_lattice_units,15.500000000000012,1,2.0606678375643064,0.73911396375520766,1.3215538738090986,1.5452253216059053,0.80611135785069765
m3_plus,68,L_reciprocal_lattice_units,15.700000000000012,1,1.1134748220429191,0.72963560359299007,0.38383921844992908,0.89605353808664079,0.16641793449365072
m3_plus,69,L_reciprocal_lattice_units,15.900000000000013,1,1.0442977259547543,0.71998524726698931,0.32431247868776503,0.7550681395633756,0.035082892296386281
m3_plus,70,L_reciprocal_lattice_units,16.100000000000016,1,0.37124582137547435,0.71215544411295995,-0.3409096227374856,0.72289039873902183,0.010734954626061888
m3_plus,71,L_reciprocal_lattice_units,16.300000000000011,0,nan,nan,nan,nan,nan
m3_plus,72,L_reciprocal_lattice_units,16.500000000000014,0,nan,nan,nan,nan,nan
m3_plus,73,L_reciprocal_lattice_units,16.70000000000001,0,nan,nan,nan,nan,nan
m3_plus,74,L_reciprocal_lattice_units,16.900000000000013,0,nan,nan,nan,nan,nan
m0,0,detector_2theta_degrees,1.05,1,11322.736812204948,5.6080474859815901,11317.128764718967,9117.5056558625893,9111.8976083766083
m0,1,detector_2theta_degrees,1.1500000000000001,1,7848.7044681790394,6.241576111061157,7842.4628920679779,5036.722525713396,5030.4809496023345
m0,2,detector_2theta_degrees,1.25,1,5368.6359228860538,6.8059482891665288,5361.829974596887,3268.4399545062456,3261.6340062170789
m0,3,detector_2theta_degrees,1.3500000000000001,1,3644.2349805449853,7.3781464985897678,3636.8568340463958,2274.8952260909687,2267.5170795923791
m0,4,detector_2theta_degrees,1.45,1,2316.5583612371825,8.0226610832613208,2308.535700153921,1557.7571377580978,1549.7344766748365
m0,5,detector_2theta_degrees,1.55,1,1530.6289757437448,8.6005982921178141,1522.028377451627,1130.7527799521081,1122.1521816599902
m0,6,detector_2theta_degrees,1.6499999999999999,1,1040.4976728333618,9.1664052298126819,1031.3312676035491,855.9137756763696,846.74737044655694
m0,7,detector_2theta_degrees,1.75,1,672.3063565810196,9.8037822598522499,662.50257432116734,627.47199503525019,617.66821277539793
m0,8,detector_2theta_degrees,1.8500000000000001,1,432.03246090357624,10.392879345860246,421.63958155771599,494.62364702196089,484.23076767610064
m0,9,detector_2theta_degrees,1.95,1,285.36958051181142,10.950491255480893,274.41908925633055,376.53071649544097,365.5802252399601
m0,10,detector_2theta_degrees,2.0499999999999998,1,192.38756404664397,11.564666373728286,180.8228976729157,295.96731392842696,284.40264755469866
m0,11,detector_2theta_degrees,2.1499999999999999,1,135.01482421133983,12.160314671772175,122.85450953956766,242.01379977606265,229.85348510429048
m0,12,detector_2theta_degrees,2.25,1,100.09982405943465,12.710780285485844,87.389043773948814,182.89361232292529,170.18283203743945
m0,13,detector_2theta_degrees,2.3499999999999996,1,78.214840064023946,13.296330330476552,64.918509733547396,155.35945132622126,142.0631209957447
m0,14,detector_2theta_degrees,2.4500000000000002,1,67.885604899762342,13.886917983785093,53.998686915977245,115.17693750756295,101.29001952377786
m0,15,detector_2theta_degrees,2.5499999999999998,1,62.954027859604977,14.430616805098447,48.523411054506532,92.874736029873532,78.444119224775079
m0,16,detector_2theta_degrees,2.6499999999999999,1,58.184710468994986,14.989138524801829,43.195571944193155,70.372496104107981,55.38335757930615
m0,17,detector_2theta_degrees,2.75,1,56.422228093417999,15.565450928595052,40.856777164822944,54.629640971952156,39.064190043357101
m0,18,detector_2theta_degrees,2.8499999999999996,1,57.510185098331974,16.100883546873998,41.409301551457972,43.551532542807166,27.450648995933168
m0,19,detector_2theta_degrees,2.9500000000000002,1,58.008856397191316,16.632628074646732,41.376228322544584,35.023633668528639,18.391005593881907
m0,20,detector_2theta_degrees,3.0499999999999998,1,54.657150175804141,17.190928034994087,37.466222140810054,30.890472704070277,13.69954466907619
m0,21,detector_2theta_degrees,3.1499999999999995,1,54.932147217745559,17.713599326415508,37.218547891330047,26.202756596756892,8.4891572703413836
m0,22,detector_2theta_degrees,3.25,1,51.120915801111927,18.22102722170979,32.899888579402138,25.766667649293602,7.5456404275838125
m0,23,detector_2theta_degrees,3.3499999999999996,1,50.464182178571086,18.757408493857294,31.706773684713792,22.992553692010301,4.2351451981530062
m0,24,detector_2theta_degrees,3.4500000000000002,1,50.259257760177988,19.263335230237637,30.995922529940351,23.670988157250648,4.4076529270130109
m0,25,detector_2theta_degrees,3.5499999999999998,1,47.760487444647126,19.749358520090695,28.011128924556431,22.433094734871339,2.6837362147806445
m0,26,detector_2theta_degrees,3.6499999999999995,1,50.346816474955027,20.261687688800389,30.085128786154637,22.915528581233612,2.6538408924332231
m0,27,detector_2theta_degrees,3.75,1,50.281412108148039,20.746828239347774,29.534583868800265,22.937790980292199,2.1909627409444248
m0,28,detector_2theta_degrees,3.8499999999999996,1,49.516450304436589,21.213253346725061,28.303196957711528,22.911881058246969,1.6986277115219082
m0,29,detector_2theta_degrees,3.9500000000000002,1,47.988223093231618,21.700626451874466,26.287596641357151,23.701908781255199,2.0012823293807323
m0,30,detector_2theta_degrees,4.0499999999999998,1,47.177195762330498,22.163752696831533,25.013443065498965,23.427986782307716,1.2642340854761827
m0,31,detector_2theta_degrees,4.1499999999999995,1,45.811650457005037,22.609551772838504,23.202098684166533,24.442890640082556,1.833338867244052
m0,32,detector_2theta_degrees,4.25,1,46.795665262957655,23.071430257764536,23.724235005193119,24.239377598448293,1.1679473406837566
m0,33,detector_2theta_degrees,4.3499999999999996,1,46.357151079674061,23.512775882046441,22.84437519762762,25.116529718757846,1.6037538367114053
m0,34,detector_2theta_degrees,4.4500000000000002,1,45.40819335405574,23.936877098453451,21.471316255602289,25.194793255996956,1.2579161575435052
m0,35,detector_2theta_degrees,4.5499999999999998,1,43.540590982687768,24.373414446639476,19.167176536048292,25.717356586622401,1.343942139982925
m0,36,detector_2theta_degrees,4.6499999999999995,1,44.707122654389501,24.79232407946213,19.914798574927371,26.208982069619715,1.4166579901575851
m0,37,detector_2theta_degrees,4.75,1,45.022702581090513,25.194549537309328,19.828153043781185,26.331100387902254,1.1365508505929256
m0,38,detector_2theta_degrees,4.8499999999999996,1,47.030343398865654,25.605937768662013,21.424405630203641,27.162190311147274,1.5562525424852609
m0,39,detector_2theta_degrees,4.9499999999999993,1,45.537130168290503,26.002577703449212,19.53455246484129,27.050907787135568,1.0483300836863556
m0,40,detector_2theta_degrees,5.0499999999999998,1,45.489076195043211,26.381910345217594,19.107165849825616,28.002240508641819,1.6203301634242244
m0,41,detector_2theta_degrees,5.1499999999999995,1,48.910530610570468,26.769038781754453,22.141491828816015,27.882265540635899,1.1132267588814457
m0,42,detector_2theta_degrees,5.2499999999999991,1,49.673213669627231,27.143567401348449,22.529646268278782,28.733381989399451,1.5898145880510022
m0,43,detector_2theta_degrees,5.3499999999999996,1,53.468287121688761,27.500078307479761,25.968208814209,28.827041274068783,1.3269629665890221
m0,44,detector_2theta_degrees,5.4499999999999993,1,60.168470017036164,27.862954221411375,32.305515795624785,29.349752261474077,1.4867980400627019
m0,45,detector_2theta_degrees,5.5499999999999998,1,62.171700454242639,28.215381329616832,33.956319124625807,29.858069374880287,1.6426880452634549
m0,46,detector_2theta_degrees,5.6499999999999995,1,60.495755564507505,28.549658378992184,31.94609718551532,29.925565900808028,1.3759075218158436
m0,47,detector_2theta_degrees,5.7499999999999991,1,58.449427544735848,28.888584942989667,29.560842601746181,30.862099254001855,1.9735143110121882
m0,48,detector_2theta_degrees,5.8499999999999996,1,56.952779302605229,29.219237616697185,27.733541685908044,30.57174845215371,1.3525108354565241
m0,49,detector_2theta_degrees,5.9499999999999993,1,57.983631262842444,29.531282124063747,28.452349138778697,31.745887043567368,2.2146049195036213
m0,50,detector_2theta_degrees,6.0499999999999998,1,58.562415527745721,29.846957463245037,28.715458064500684,31.353800749491683,1.5068432862466459
m0,51,detector_2theta_degrees,6.1499999999999995,1,57.302497075084091,30.156226891108599,27.146270183975492,32.445588402462484,2.289361511353885
m0,52,detector_2theta_degrees,6.2499999999999991,1,56.857219405816714,30.446474158411231,26.410745247405483,32.316335331558349,1.8698611731471182
m0,53,detector_2theta_degrees,6.3499999999999996,1,56.900037319565193,30.739407513672511,26.160629805892682,32.940508048990161,2.20110053531765
m0,54,detector_2theta_degrees,6.4499999999999993,1,56.335248571648677,31.027418767515446,25.307829804133231,33.399055956149631,2.3716371886341854
m0,55,detector_2theta_degrees,6.5499999999999989,1,56.232817619299418,31.296607163894272,24.936210455405146,33.347860775016564,2.0512536111222914
m0,56,detector_2theta_degrees,6.6499999999999995,1,55.68044771944777,31.567670131680924,24.112777587766846,34.419579417029155,2.8519092853482313
m0,57,detector_2theta_degrees,6.7499999999999991,1,56.335014422163418,31.834417025033144,24.500597397130274,33.827837016928541,1.9934199918953972
m0,58,detector_2theta_degrees,6.8499999999999996,1,57.159468564715432,32.083039001725865,25.076429562989567,35.218109939832026,3.1350709381061606
m0,59,detector_2theta_degrees,6.9499999999999993,1,58.117805294631829,32.33333984868618,25.784465445945649,34.469623049670517,2.1362832009843373
m0,60,detector_2theta_degrees,7.0499999999999989,1,58.290921699259783,32.578953781588638,25.711967917671146,35.708853739734067,3.1298999581454297
m0,61,detector_2theta_degrees,7.1499999999999995,1,57.123864251879368,32.807700988474686,24.316163263404682,35.265113045466641,2.4574120569919558
m0,62,detector_2theta_degrees,7.2499999999999991,1,56.458543762707592,33.037920003682757,23.420623759024835,35.91952539035281,2.8816053866700528
m0,63,detector_2theta_degrees,7.3499999999999996,1,59.317999271079401,33.262866995451226,26.055132275628175,36.059579789202587,2.7967127937513609
m0,64,detector_2theta_degrees,7.4499999999999993,1,59.076080680408602,33.472385934107059,25.603694746301542,36.001826277095255,2.5294403429881953
m0,65,detector_2theta_degrees,7.5499999999999989,1,58.61535920354455,33.683400635050653,24.931958568493897,36.628421508026499,2.9450208729758458
m0,66,detector_2theta_degrees,7.6499999999999995,1,59.101033709366092,33.888004095482948,25.213029613883144,36.085533769035862,2.1975296735529142
m0,67,detector_2theta_degrees,7.7499999999999991,1,60.91601578025341,34.078924891595257,26.837090888658153,36.849019050247811,2.7700941586525545
m0,68,detector_2theta_degrees,7.8499999999999996,1,63.69633980532678,34.271634870682135,29.424704934644645,36.183217971138312,1.911583100456177
m0,69,detector_2theta_degrees,7.9499999999999993,1,65.831434601525814,34.456441763538635,31.374992837987179,36.755668084274838,2.2992263207362029
m0,70,detector_2theta_degrees,8.0499999999999989,1,68.003929900412942,34.629388654459845,33.374541245953097,36.26975162156976,1.6403629671099154
m0,71,detector_2theta_degrees,8.1500000000000004,1,71.936534670446591,34.804392035562621,37.132142634883969,36.552259812952684,1.7478677773900628
m0,72,detector_2theta_degrees,8.25,1,76.901192341795308,34.970191600098588,41.931000741696721,36.508152930312164,1.5379613302135766
m0,73,detector_2theta_degrees,8.3499999999999996,1,89.332478814430246,35.126079855750014,54.206398958680232,36.791794753415267,1.6657148976652536
m0,74,detector_2theta_degrees,8.4499999999999993,1,101.91185710394173,35.283481337389837,66.628375766551898,37.872040662592092,2.5885593252022545
m0,75,detector_2theta_degrees,8.5499999999999989,1,110.05630291901993,35.431173789530646,74.625129129489281,39.336248440704239,3.9050746511735923
m0,76,detector_2theta_degrees,8.6500000000000004,1,130.17685932581512,35.570897106090428,94.605962219724688,44.45596920100791,8.8850720949174828
m0,77,detector_2theta_degrees,8.75,1,175.76695528101774,35.711022711100263,140.05593256991747,52.932461381219923,17.22143867011966
m0,78,detector_2theta_degrees,8.8499999999999996,1,260.31841591419072,35.841523857933169,224.47689205625755,77.291788126574517,41.450264268641348
m0,79,detector_2theta_degrees,8.9499999999999993,1,469.51823238549167,35.965760201459979,433.55247218403167,142.68290721878392,106.71714701732395
m0,80,detector_2theta_degrees,9.0499999999999989,1,1183.1458124165706,36.089078165008004,1147.0567342515626,484.07596402254001,447.986885857532
m0,81,detector_2theta_degrees,9.1500000000000004,1,3170.6809317006109,36.203260372870595,3134.4776713277402,3089.973886643349,3053.7706262704783
m0,82,detector_2theta_degrees,9.25,1,8129.4348218359655,36.312727685774519,8093.1220941501906,9269.9031599720511,9233.5904322862771
m0,83,detector_2theta_degrees,9.3499999999999996,1,10988.536864199239,36.419709109499358,10952.11715508974,9504.6050614571504,9468.1853523476511
m0,84,detector_2theta_degrees,9.4499999999999993,1,7027.6931018218611,36.518376595731709,6991.1747252261293,3520.6277392573361,3484.1093626616043
m0,85,detector_2theta_degrees,9.5500000000000007,1,2395.5027905232173,36.613770817377265,2358.8890197058399,1021.4581965465896,984.84442572921239
m0,86,detector_2theta_degrees,9.6500000000000004,1,822.78913806518574,36.704988469114852,786.08414959607092,533.98136229869135,497.27637382957653
m0,87,detector_2theta_degrees,9.75,1,433.16708567952662,36.788929915401383,396.37815576412527,418.38465790345924,381.59572798805789
m0,88,detector_2theta_degrees,9.8499999999999996,1,251.62643255299974,36.870802748028737,214.75562980497102,329.39621894553983,292.52541619751111
m0,89,detector_2theta_degrees,9.9499999999999993,1,167.59187266764084,36.946948510336455,130.64492415730439,307.98514214961415,271.03819363927767
m0,90,detector_2theta_degrees,10.050000000000001,1,125.51639197037935,37.017104867617761,88.499287102761585,281.41626989832963,244.39916503071186
m0,91,detector_2theta_degrees,10.15,1,97.347805131941655,37.085613471700903,60.262191660240752,277.95369567795098,240.86808220625008
m0,92,detector_2theta_degrees,10.25,1,82.659728032039354,37.147556378786327,45.512171653253027,290.34794462033005,253.20038824154372
m0,93,detector_2theta_degrees,10.35,1,72.336720663403796,37.204979560934419,35.131741102469377,295.78189502439727,258.57691546346285
m0,94,detector_2theta_degrees,10.449999999999999,1,66.110510706888959,37.259990802446119,28.850519904442841,327.28258946652392,290.0225986640778
m0,95,detector_2theta_degrees,10.550000000000001,1,59.64193839756642,37.308816351194977,22.333122046371443,332.76993346105905,295.46111710986406
m0,96,detector_2theta_degrees,10.65,1,56.141807746206823,37.354162233605379,18.787645512601443,268.86877118192564,231.51460894832024
m0,97,detector_2theta_degrees,10.75,1,52.775693373347899,37.396104162442136,15.379589210905763,208.73828758846142,171.34218342601929
m0,98,detector_2theta_degrees,10.85,1,50.682419512711064,37.432649363228556,13.249770149482508,174.40051334286991,136.96786397964135
m0,99,detector_2theta_degrees,10.949999999999999,1,46.430125326287886,37.466424817751303,8.9637005085365828,141.31094885767314,103.84452403992184
m0,100,detector_2theta_degrees,11.050000000000001,1,47.300244047442945,37.495923495041929,9.8043205524010162,123.3511420492664,85.855218554224479
m0,101,detector_2theta_degrees,11.15,1,48.020384735008903,37.521026784523144,10.499357950485759,106.95935194108627,69.438325156563124
m0,102,detector_2theta_degrees,11.25,1,46.369664902292392,37.543419663102085,8.8262452391903068,97.591542470376879,60.048122807274794
m0,103,detector_2theta_degrees,11.35,1,44.305003879611448,37.561351375134151,6.7436525044772964,86.905107036373465,49.343755661239314
m0,104,detector_2theta_degrees,11.449999999999999,1,43.666274255612919,37.575735202982209,6.0905390526307102,81.539437268803297,43.963702065821089
m0,105,detector_2theta_degrees,11.550000000000001,1,43.061604408684644,37.586917909461313,5.4746864992233313,73.936458313392279,36.349540403930966
m0,106,detector_2theta_degrees,11.65,1,43.339822667524587,37.594223282626473,5.7455993848981137,70.505509297985185,32.911286015358712
m0,107,detector_2theta_degrees,11.75,1,42.773841496252679,37.598268908012521,5.1755725882401578,65.109937699860552,27.511668791848031
m0,108,detector_2theta_degrees,11.85,1,41.508099723921575,37.598901013262051,3.9091987106595241,62.469720925854297,24.870819912592246
m0,109,detector_2theta_degrees,11.949999999999999,1,40.901198900716167,37.596293723513284,3.3049051772028832,58.830999474584658,21.234705751071374
m0,110,detector_2theta_degrees,12.049999999999999,1,40.769971903989031,37.590229570085569,3.1797423339034623,56.47787704151952,18.887647471433951
m0,111,detector_2theta_degrees,12.15,1,40.992644677687231,37.581166622368414,3.4114780553188169,54.145822542411551,16.564655920043137
m0,112,detector_2theta_degrees,12.25,1,41.474563682147441,37.569043201560234,3.9055204805872066,51.995932429007404,14.42688922744717
m0,113,detector_2theta_degrees,12.35,1,41.598498505736934,37.553427887693857,4.0450706180430771,50.501237529731142,12.947809642037285
m0,114,detector_2theta_degrees,12.449999999999999,1,41.438603736528464,37.535428973737432,3.903174762791032,48.639729577297587,11.104300603560155
m0,115,detector_2theta_degrees,12.549999999999999,1,41.066220001817825,37.513905222120904,3.5523147796969212,47.602008721470696,10.088103499349792
m0,116,detector_2theta_degrees,12.65,1,39.896576990987022,37.489624982330646,2.4069520086563756,46.097800494537665,8.6081755122070192
m0,117,detector_2theta_degrees,12.75,1,38.918930956554661,37.463062969165044,1.4558679873896168,45.290558283811777,7.8274953146467325
m0,118,detector_2theta_degrees,12.85,1,39.859460348711963,37.432611825899542,2.4268485228124206,44.130578675088614,6.697966849189072
m0,119,detector_2theta_degrees,12.949999999999999,1,41.12619976308617,37.400473607238482,3.7257261558476884,43.46036469777637,6.0598910905378887
m0,120,detector_2theta_degrees,13.049999999999999,1,40.710305512896234,37.365241999112591,3.3450635137836429,42.574354496889384,5.2091124977767933
m0,121,detector_2theta_degrees,13.15,1,38.911355450138345,37.327013313723036,1.5843421364153087,42.01751553948074,4.6905022257577045
m0,122,detector_2theta_degrees,13.25,1,38.30614558993264,37.287358002571089,1.0187875873615511,41.326861681965298,4.0395036793942083
m0,123,detector_2theta_degrees,13.35,1,38.935081415092398,37.243578529792373,1.6915028853000251,40.874073531621342,3.6304950018289688
m0,124,detector_2theta_degrees,13.449999999999999,1,39.131265132823614,37.198603856555934,1.9326612762676803,40.323113783156053,3.1245099266001191
m0,125,detector_2theta_degrees,13.549999999999999,1,39.508290686923743,37.150978931685948,2.3573117552377951,39.956214275857107,2.8052353441711588
m0,126,detector_2theta_degrees,13.65,1,39.952354825939551,37.100217926990133,2.8521368989494178,39.515823445228193,2.4156055182380598
m0,127,detector_2theta_degrees,13.75,1,39.108382252708573,37.048710934250124,2.0596713184584488,39.208275826030544,2.1595648917804198
m0,128,detector_2theta_degrees,13.85,1,40.511553159992033,36.99294373391038,3.5186094260816532,38.863124411231141,1.8701806773207608
m0,129,detector_2theta_degrees,13.949999999999999,1,39.414668920147278,36.936479966153819,2.4781889539934596,38.591955411695132,1.6554754455413132
m0,130,detector_2theta_degrees,14.049999999999999,1,39.467285424314817,36.877594140191455,2.5896912841233615,38.328085827895286,1.4504916877038312
m0,131,detector_2theta_degrees,14.15,1,38.040963532921815,36.815678486009574,1.2252850469122407,38.081423608427414,1.2657451224178402
m0,132,detector_2theta_degrees,14.25,1,37.443769620818898,36.753507416724538,0.69026220409435979,37.879280902760996,1.1257734860364579
m0,133,detector_2theta_degrees,14.35,1,36.73008706395381,36.686924106003183,0.043162957950627856,37.655314814447379,0.96839070844419695
m0,134,detector_2theta_degrees,14.449999999999999,1,36.072838086875677,36.620338436520193,-0.54750034964451544,37.493533700235432,0.87319526371523892
m0,135,detector_2theta_degrees,14.549999999999999,1,36.867446590243595,36.551136978122855,0.31630961212074027,37.295212588689097,0.74407561056624161
m0,136,detector_2theta_degrees,14.65,1,36.709206323523965,36.479438437351142,0.22976788617282295,37.15613811973332,0.67669968238217848
m0,137,detector_2theta_degrees,14.75,1,37.271059140802478,36.40763458420578,0.86342455659669781,36.983498854332716,0.5758642701269352
m0,138,detector_2theta_degrees,14.85,1,37.46647212307051,36.331433374695742,1.1350387483747681,36.856250040774356,0.52481666607861399
m0,139,detector_2theta_degrees,14.949999999999999,1,37.941786595367503,36.256008263988448,1.6857783313790549,36.70577046928409,0.44976220529564159
m0,140,detector_2theta_degrees,15.049999999999999,1,37.972145343955361,36.177235912462372,1.7949094314929894,36.585968872932149,0.40873296046977714
m0,141,detector_2theta_degrees,15.15,1,37.919428801070787,36.097173421170517,1.8222553799002696,36.452134975144936,0.35496155397441953
m0,142,detector_2theta_degrees,15.25,1,38.475130433710753,36.016527777252001,2.4586026564587513,36.337698882651196,0.3211711053991948
m0,143,detector_2theta_degrees,15.35,1,36.839851552194489,35.932019413846795,0.90783213834769327,36.215555594115131,0.28353618026833516
m0,144,detector_2theta_degrees,15.449999999999999,1,36.621680405346346,35.848894534720976,0.77278587062536985,36.104860306217951,0.25596577149697453
m0,145,detector_2theta_degrees,15.549999999999999,1,37.192087597251685,35.76114072148097,1.4309468757707151,35.990956213565688,0.22981549208471819
m0,146,detector_2theta_degrees,15.65,1,37.901288015639331,35.674242102782479,2.2270459128568518,35.882227593962341,0.20798549117986198
m0,147,detector_2theta_degrees,15.75,1,37.493911112760891,35.585163818471045,1.9087472942898458,35.774901118619717,0.1897373001486713
m0,148,detector_2theta_degrees,15.85,1,37.195282691065181,35.493918993694727,1.7013636973704536,35.667039980519505,0.17312098682477739
m0,149,detector_2theta_degrees,15.949999999999999,1,36.557605975479049,35.403306122512845,1.1542998529662043,35.563655887663288,0.16034976515044264
m0,150,detector_2theta_degrees,16.049999999999997,1,36.566882163054842,35.308433811094126,1.2584483519607161,35.456656667364172,0.14822285627004561
m0,151,detector_2theta_degrees,16.149999999999999,1,36.379110858833357,35.215584320130048,1.1635265387033087,35.355077216118374,0.13949289598832593
m0,152,detector_2theta_degrees,16.25,1,36.472791829544107,35.118206781567622,1.3545850479764852,35.249196386987855,0.13098960542023264
m0,153,detector_2theta_degrees,16.349999999999998,1,37.274859851941073,35.021984758156258,2.2528750937848159,35.147601540163308,0.12561678200705018
m0,154,detector_2theta_degrees,16.449999999999999,1,37.880387390262619,34.923767913934093,2.9566194763285267,35.043623694744447,0.11985578081035442
m0,155,detector_2theta_degrees,16.549999999999997,1,37.989343695361633,34.823782382162804,3.1655613131988289,34.941467383114265,0.11768500095146095
m0,156,detector_2theta_degrees,16.649999999999999,1,37.44849721822753,34.724450285844156,2.7240469323833736,34.838382343553619,0.11393205770946224
m0,157,detector_2theta_degrees,16.75,1,37.176216765190148,34.621287756238893,2.5549290089512553,34.736431751187844,0.11514399494895144
m0,158,detector_2theta_degrees,16.849999999999998,1,36.979780079070572,34.520382069910895,2.4593980091596777,34.633420650666039,0.11303858075514484
m0,159,detector_2theta_degrees,16.949999999999999,1,38.865840828879264,34.414791863055676,4.4510489658235883,34.532787932901684,0.11799606984600786
m0,160,detector_2theta_degrees,17.049999999999997,1,39.569835737212273,34.311570177179597,5.258265560032676,34.429460658627065,0.11789048144746772
m0,161,detector_2theta_degrees,17.149999999999999,1,38.99559532576145,34.204842156563643,4.7907531691978065,34.331948145052117,0.12710598848847354
m0,162,detector_2theta_degrees,17.25,1,39.541534566467881,34.098639922907516,5.4428946435603649,34.229256818929422,0.1306168960219054
m0,163,detector_2theta_degrees,17.349999999999998,1,39.020437995957792,33.991306029947388,5.0291319660104037,34.136411921821249,0.14510589187386103
m0,164,detector_2theta_degrees,17.449999999999999,1,39.185975628639945,33.882168075154723,5.3038075534852211,34.038469048998778,0.15630097384405417
m0,165,detector_2theta_degrees,17.550000000000001,1,38.861467249478679,33.774028497927674,5.0874387515510051,33.9532525109815,0.17922401305382607
m0,166,detector_2theta_degrees,17.649999999999999,1,39.665784869281985,33.662393542775604,6.0033913265063816,33.871409093140791,0.20901555036518715
m0,167,detector_2theta_degrees,17.75,1,40.906514245500034,33.553230845188629,7.3532834003114047,33.807029424063465,0.25379857887483581
m0,168,detector_2theta_degrees,17.849999999999998,1,41.641315957846714,33.439578864177335,8.2017370936693794,33.816994440355877,0.37741557617854227
m0,169,detector_2theta_degrees,17.949999999999999,1,43.747192728611246,33.329087913137762,10.418104815473484,34.130628555937719,0.80154064279995652
m0,170,detector_2theta_degrees,18.050000000000001,1,47.181764937105207,33.213963992778737,13.96780094432647,34.531800632036266,1.3178366392575285
m0,171,detector_2theta_degrees,18.149999999999999,1,51.876587981101558,33.101640385185043,18.774947595916515,35.647814284324525,2.5461738991394824
m0,172,detector_2theta_degrees,18.25,1,63.698269442039312,32.985921320700996,30.712348121338316,38.46163590010481,5.4757145794038138
m0,173,detector_2theta_degrees,18.349999999999998,1,91.691495288638549,32.871377700666734,58.820117587971815,41.25790462746086,8.3865269267941258
m0,174,detector_2theta_degrees,18.449999999999999,1,150.73568060288486,32.75532832920252,117.98035227368234,44.61270659815753,11.85737826895501
m0,175,detector_2theta_degrees,18.550000000000001,1,194.64911281837843,32.638697136895551,162.01041568148287,47.738487151089323,15.099790014193772
m0,176,detector_2theta_degrees,18.649999999999999,1,191.50632990340665,32.522216090706785,158.98411381269986,47.575040968847773,15.052824878140989
m0,177,detector_2theta_degrees,18.75,1,159.93637789542353,32.403767300765026,127.53261059465851,44.342610138853573,11.938842838088547
m0,178,detector_2theta_degrees,18.849999999999998,1,112.47920692081752,32.286778444744826,80.192428476072692,40.620758756854748,8.3339803121099223
m0,179,detector_2theta_degrees,18.949999999999999,1,72.065271037359096,32.166771892850157,39.898499144508939,37.227369427463238,5.0605975346130805
m0,180,detector_2theta_degrees,19.050000000000001,1,53.626871275444572,32.049178450745082,21.57769282469949,34.384432686289806,2.3352542355447241
m0,181,detector_2theta_degrees,19.149999999999999,1,45.398300171732515,31.927878719324152,13.470421452408363,33.059152039640331,1.1312733203161791
m0,182,detector_2theta_degrees,19.25,1,41.257871307507983,31.809602148612253,9.4482691588957302,32.335197922215258,0.5255957736030048
m0,183,detector_2theta_degrees,19.349999999999998,1,39.101243931022651,31.687257368077358,7.4139865629452935,31.880609608646708,0.19335224056935019
m0,184,detector_2theta_degrees,19.449999999999999,1,38.471120973672598,31.568228194169926,6.9028927795026718,31.673732312084031,0.10550411791410497
m0,185,detector_2theta_degrees,19.550000000000001,1,37.288393838792629,31.445020365722886,5.8433734730697431,31.520322319739368,0.075301954016481432
m0,186,detector_2theta_degrees,19.649999999999999,1,36.710920215330084,31.325253031366735,5.3856671839633492,31.379273476195856,0.054020444829120606
m0,187,detector_2theta_degrees,19.75,1,37.027346722943768,31.201323979910295,5.826022743033473,31.242390182278886,0.041066202368590154
m0,188,detector_2theta_degrees,19.849999999999998,1,37.270318614250421,31.080830913300421,6.18948770095,31.113361698974085,0.032530785673664298
m0,189,detector_2theta_degrees,19.949999999999999,1,36.015830696578981,30.956285123658049,5.059545572920932,30.981382771614637,0.025097647956588531
m0,190,detector_2theta_degrees,20.050000000000001,1,36.062998866020905,30.835131818772322,5.2278670472485835,30.856378985305597,0.021247166533274964
m0,191,detector_2theta_degrees,20.149999999999999,1,35.742450271253972,30.710055029503266,5.0323952417507058,30.726551201187334,0.016496171684067917
m0,192,detector_2theta_degrees,20.25,1,34.950640360515969,30.588284108586453,4.3623562519295156,30.602853940043428,0.014569831456974214
m0,193,detector_2theta_degrees,20.349999999999998,1,34.505304548169377,30.462742156290986,4.0425623918783913,30.474192086976455,0.011449930685468956
m0,194,detector_2theta_degrees,20.449999999999999,1,35.422229009473561,30.340447696989369,5.0817813124841926,30.350772391217916,0.010324694228547315
m0,195,detector_2theta_degrees,20.550000000000001,1,35.444193426683889,30.214498777866599,5.22969464881729,30.222787616118072,0.0082888382514738623
m0,196,detector_2theta_degrees,20.649999999999999,1,34.50506575481414,30.0917210421132,4.4133447127009404,30.099225677574342,0.0075046354611423283
m0,197,detector_2theta_degrees,20.75,1,35.383611636241376,29.965447074179075,5.4181645620623016,29.971640427900816,0.0061933537217413459
m0,198,detector_2theta_degrees,20.849999999999998,1,34.899244719266903,29.842239653937966,5.0570050653289371,29.847817448330208,0.0055777943922414863
m0,199,detector_2theta_degrees,20.949999999999999,1,34.706105918272968,29.715731238136989,4.9903746801359787,29.720466491316472,0.0047352531794828678
m0,200,detector_2theta_degrees,21.050000000000001,1,33.993502173376896,29.592083894786171,4.4014182785907252,29.596316893672032,0.00423299888586115
m0,201,detector_2theta_degrees,21.149999999999999,1,33.355391206741736,29.465477850217795,3.889913356523941,29.469159324792077,0.0036814745742823618
m0,202,detector_2theta_degrees,21.25,1,33.336548730375867,29.341379683515814,3.9951690468600525,29.344654553530617,0.0032748700148026444
m0,203,detector_2theta_degrees,21.349999999999998,1,33.457157623426475,29.214814952092247,4.242342671334228,29.217714827825446,0.0028998757331990532
m0,204,detector_2theta_degrees,21.449999999999999,1,33.718888366390367,29.090196596588932,4.6286917698014349,29.0927727994838,0.0025762028948683735
m0,205,detector_2theta_degrees,21.550000000000001,1,33.633882893619351,28.963871218350715,4.6700116752686363,28.966182208721456,0.0023109903707414503
m0,206,detector_2theta_degrees,21.649999999999999,1,33.426440131585849,28.838655251222853,4.5877848803629959,28.840708880327163,0.0020536291043100618
m0,207,detector_2theta_degrees,21.75,1,33.148233180843889,28.712753370447089,4.4354798103967994,28.714616351852506,0.0018629814054165195
m0,208,detector_2theta_degrees,21.849999999999998,1,33.287168469340372,28.586817717847449,4.7003507514929233,28.58847092978267,0.0016532119352206109
m0,209,detector_2theta_degrees,21.949999999999999,1,32.693735576835046,28.461593099804148,4.232142477030898,28.463112129995913,0.0015190301917655802
m0,210,detector_2theta_degrees,22.050000000000001,1,33.245517671745795,28.334798227939242,4.9107194438065527,28.336138920069864,0.0013406921306220454
m0,211,detector_2theta_degrees,22.149999999999999,1,32.877959716374846,28.210360954237562,4.6675987621372848,28.211612382382722,0.001251428145160105
m0,212,detector_2theta_degrees,22.25,1,32.795607591494829,28.082770765607385,4.7128368258874431,28.083865142614808,0.0010943770074227643
m0,213,detector_2theta_degrees,22.349999999999998,1,31.420584841136872,27.958799554500313,3.4617852866365588,27.95983862486246,0.0010390703621467878
m0,214,detector_2theta_degrees,22.449999999999999,1,30.616808819246149,27.831219289565784,2.7855895296803652,27.832119248860657,0.00089995929487329818
m0,215,detector_2theta_degrees,22.549999999999997,1,30.826909363538476,27.70710638268881,3.1198029808496663,27.707972789685723,0.00086640699691287182
m0,216,detector_2theta_degrees,22.649999999999999,1,31.540395943149605,27.580086412545739,3.9603095306038654,27.580833405858609,0.00074699331286964821
m0,217,detector_2theta_degrees,22.75,1,31.193556955041931,27.455430535376848,3.7381264196650825,27.456153293458271,0.00072275808142308051
m0,218,detector_2theta_degrees,22.849999999999998,1,32.083518933266092,27.329427948109185,4.7540909851569069,27.330054777518932,0.00062682940974667645
m0,219,detector_2theta_degrees,22.949999999999999,1,30.664144642038483,27.203837399412567,3.460307242625916,27.204438875241959,0.00060147582939151789
m0,220,detector_2theta_degrees,23.049999999999997,1,29.836206369015322,27.079289323061673,2.7569170459536494,27.079821058519002,0.00053173545732931871
m0,221,detector_2theta_degrees,23.149999999999999,1,30.354684577491593,26.952486182984799,3.4021983945067937,26.952985023297565,0.00049884031276548058
m0,222,detector_2theta_degrees,23.25,1,30.424796417112372,26.828935252464522,3.5958611646478502,26.82939008842121,0.00045483595668827093
m0,223,detector_2theta_degrees,23.349999999999998,1,30.440596766386086,26.702196911242559,3.7383998551435269,26.702609739293578,0.000412828051018721
m0,224,detector_2theta_degrees,23.449999999999999,1,30.690495095542907,26.57862811804215,4.1118669775007568,26.57901856712726,0.00039044908510987852
m0,225,detector_2theta_degrees,23.549999999999997,1,30.163163864000268,26.452906238959319,3.7102576250409491,26.453248241469577,0.00034200251025851003
m0,226,detector_2theta_degrees,23.649999999999999,1,29.357253847158685,26.328523705723359,3.0287301414353252,26.328858144614156,0.00033443889079620703
m0,227,detector_2theta_degrees,23.75,1,29.29952540577791,26.204509158899747,3.0950162468781635,26.204793911656267,0.0002847527565208452
m0,228,detector_2theta_degrees,23.849999999999998,1,29.299544249358931,26.078807024967308,3.2207372243916232,26.07909134819776,0.00028432323045279873
m0,229,detector_2theta_degrees,23.949999999999999,1,29.706882139811295,25.955991649672782,3.7508904901385129,25.956230638759148,0.00023898908636610372
m0,230,detector_2theta_degrees,24.049999999999997,1,28.9923303248307,25.830588483940616,3.1617418408900839,25.830827533999852,0.0002390500592355238
m0,231,detector_2theta_degrees,24.149999999999999,1,29.15493062438701,25.70764349549011,3.4472871288968996,25.707845748408644,0.00020225291853392946
m0,232,detector_2theta_degrees,24.25,1,28.057463456262916,25.583743253937644,2.4737202023252713,25.583941770925261,0.00019851698761641501
m0,233,detector_2theta_degrees,24.349999999999998,1,27.756272715735847,25.459648915516226,2.2966238002196206,25.459820992557777,0.00017207704155097758
m0,234,detector_2theta_degrees,24.449999999999999,1,27.621341899826493,25.337348042269156,2.2839938575573377,25.337511050895518,0.00016300862636242641
m0,235,detector_2theta_degrees,24.549999999999997,1,27.711832000944138,25.212931352734039,2.4989006482100997,25.213077738677502,0.00014638594346294553
m0,236,detector_2theta_degrees,24.649999999999999,1,27.422674154351981,25.090955271743553,2.3317188826084276,25.091088009766448,0.00013273802289504033
m0,237,detector_2theta_degrees,24.75,1,28.432083972105033,24.96804726892459,3.4640367031804438,24.968171032289806,0.00012376336521668918
m0,238,detector_2theta_degrees,24.849999999999998,1,28.051236505387635,24.844992088448773,3.206244416938862,24.845099702312595,0.00010761386382185378
m0,239,detector_2theta_degrees,24.949999999999999,1,27.583886502324351,24.723710871564311,2.8601756307600397,24.723814381025544,0.00010350946123338645
m0,240,detector_2theta_degrees,25.049999999999997,1,26.776197588678976,24.600535293646242,2.1756622950327333,24.600622547509698,8.7253863455316605e-05
m0,241,detector_2theta_degrees,25.149999999999999,1,26.654575119570644,24.479400891328297,2.1751742282423479,24.479486408992464,8.5517664167866769e-05
m0,242,detector_2theta_degrees,25.25,1,26.905895100155284,24.358142119878735,2.5477529802765488,24.358213295338565,7.1175459829930787e-05
m0,243,detector_2theta_degrees,25.349999999999998,1,26.413564824131168,24.235670615878799,2.1778942082523685,24.235740694905186,7.0079026386338228e-05
m0,244,detector_2theta_degrees,25.449999999999999,1,26.00642187181408,24.115705744292566,1.8907161275215145,24.11576479867399,5.905438142406183e-05
m0,245,detector_2theta_degrees,25.549999999999997,1,25.966885327998373,23.994263724082298,1.9726216039160747,23.994321472679744,5.7748597445339556e-05
m0,246,detector_2theta_degrees,25.649999999999999,1,26.121688032689605,23.873648197301979,2.2480398353876261,23.873699160427108,5.0963125129754872e-05
m0,247,detector_2theta_degrees,25.75,1,26.416063264510303,23.754128344576902,2.661934919933401,23.754177738869224,4.939429232209136e-05
m0,248,detector_2theta_degrees,25.849999999999998,1,26.224564375745764,23.632974454309647,2.5915899214361175,23.633022032132708,4.7577823060862556e-05
m0,249,detector_2theta_degrees,25.949999999999999,1,25.796255921904926,23.513848688819468,2.2824072330854577,23.513895225784953,4.6536965484733628e-05
m0,250,detector_2theta_degrees,26.049999999999997,1,25.251482703613235,23.394783528634093,1.8566991749791413,23.394833996110858,5.0467476764737285e-05
m0,251,detector_2theta_degrees,26.149999999999999,1,25.380227634239738,23.274387797768266,2.1058398364714712,23.274439972825423,5.2175057156489402e-05
m0,252,detector_2theta_degrees,26.25,1,26.149886780954965,23.15642398885603,2.993462792098935,23.156486797454242,6.2808598212171773e-05
m0,253,detector_2theta_degrees,26.349999999999998,1,25.782212063714347,23.0378444943311,2.7443675693832468,23.037917240745454,7.2746414353730415e-05
m0,254,detector_2theta_degrees,26.449999999999999,1,24.766764031597209,22.918543561071075,1.8482204705261331,22.918635121942192,9.1560871116058706e-05
m0,255,detector_2theta_degrees,26.549999999999997,1,24.705108512873821,22.801485766792883,1.9036227460809378,22.801609906196646,0.00012413940376276855
m0,256,detector_2theta_degrees,26.649999999999999,1,24.485218012853402,22.683518375408504,1.8016996374448979,22.68367424887143,0.00015587346292633697
m0,257,detector_2theta_degrees,26.75,1,24.276864586052955,22.565451215776086,1.711413370276869,22.565713901872016,0.00026268609592960956
m0,258,detector_2theta_degrees,26.849999999999998,1,23.909355276161321,22.449170508397245,1.4601847677640762,22.44953204222475,0.00036153382750470087
m0,259,detector_2theta_degrees,26.949999999999999,1,24.209834477585932,22.332054156490692,1.8777803210952406,22.333673931430781,0.0016197749400888029
m0,260,detector_2theta_degrees,27.049999999999997,1,23.74832378027164,22.215020624144469,1.5333031561271717,22.218514641498594,0.003494017354125134
m0,261,detector_2theta_degrees,27.149999999999999,1,23.977112904460967,22.099593776428588,1.8775191280323789,22.103704436449068,0.0041106600204798838
m0,262,detector_2theta_degrees,27.25,1,24.1297075825285,21.98352968678542,2.1461778957430795,21.988153444629081,0.0046237578436603144
m0,263,detector_2theta_degrees,27.349999999999998,1,23.541376072026143,21.867327796638477,1.6740482753876655,21.87759351947615,0.010265722837672797
m0,264,detector_2theta_degrees,27.449999999999999,1,23.244391647292652,21.752845518148675,1.4915461291439769,21.773621359356756,0.020775841208081403
m0,265,detector_2theta_degrees,27.549999999999997,1,23.285013143816936,21.637979618195658,1.6470335256212785,21.669441178898328,0.031461560702670255
m0,266,detector_2theta_degrees,27.649999999999999,1,22.876060530568569,21.522511222228935,1.3535493083396339,21.55826722479182,0.035756002562884248
m0,267,detector_2theta_degrees,27.75,1,23.238480695186478,21.408978921979184,1.8295017732072942,21.449969322460273,0.04099040048108904
m0,268,detector_2theta_degrees,27.849999999999998,1,22.833944880168421,21.295311684492106,1.5386331956763151,21.35587005953337,0.060558375041264156
m0,269,detector_2theta_degrees,27.949999999999999,1,23.061558832730924,21.180832670089668,1.8807261626412561,21.253619941367251,0.072787271277583443
m0,270,detector_2theta_degrees,28.049999999999997,1,22.900038009568306,21.068039060171063,1.8319989493972422,21.14430273974337,0.076263679572306842
m0,271,detector_2theta_degrees,28.149999999999999,1,22.629712966250477,20.955563405618239,1.6741495606322374,21.029097632590258,0.073534226972018502
m0,272,detector_2theta_degrees,28.25,1,22.699796835825683,20.842423775069271,1.8573730607564123,20.904647997182138,0.062224222112867267
m0,273,detector_2theta_degrees,28.349999999999998,1,22.400191254065742,20.73006657454631,1.6701246795194322,20.77374018008511,0.04367360553879962
m0,274,detector_2theta_degrees,28.449999999999999,1,21.960321617321107,20.618764523455656,1.3415570938654504,20.656353331958034,0.037588808502377447
m0,275,detector_2theta_degrees,28.549999999999997,1,21.796183727083864,20.507265037025665,1.2889186900581997,20.539081591394247,0.031816554368582217
m0,276,detector_2theta_degrees,28.649999999999999,1,21.77025902821963,20.395250716094221,1.3750083121254093,20.415666440270151,0.020415724175929739
m0,277,detector_2theta_degrees,28.75,1,21.290989070991767,20.284946081149311,1.0060429898424559,20.296039785319955,0.011093704170644259
m0,278,detector_2theta_degrees,28.849999999999998,1,21.250861064309973,20.174816041214502,1.076045023095471,20.180686483877178,0.0058704426626761119
m0,279,detector_2theta_degrees,28.949999999999999,1,21.530465732889784,20.064283408674008,1.4661823242157759,20.069320931856147,0.0050375231821391253
m0,280,detector_2theta_degrees,29.049999999999997,1,21.383303374070728,19.954158191098504,1.4291451829722241,19.95773359946876,0.0035754083702563833
m0,281,detector_2theta_degrees,29.149999999999999,1,21.067962952593483,19.845279854559582,1.222683098033901,19.847055791289005,0.001775936729423222
m0,282,detector_2theta_degrees,29.25,1,21.963378710863012,19.736387703755938,2.226991007107074,19.737467294713841,0.0010795909579037755
m0,283,detector_2theta_degrees,29.349999999999998,1,23.037531532465774,19.627151568223908,3.4103799642418657,19.628060504828859,0.0009089366049508385
m0,284,detector_2theta_degrees,29.449999999999999,1,23.406715147623025,19.518742820582567,3.8879723270404583,19.519506702448258,0.00076388186569076311
m0,285,detector_2theta_degrees,29.549999999999997,1,23.032568616626389,19.411199083793552,3.621369532832837,19.411870914953536,0.00067183115998403764
m0,286,detector_2theta_degrees,29.649999999999999,1,22.179471166588595,19.303681484755938,2.8757896818326572,19.304280639048688,0.00059915429275037013
m0,287,detector_2theta_degrees,29.75,1,21.187492971970713,19.195974622313056,1.9915183496576567,19.196511258333778,0.00053663602072262506
m0,288,detector_2theta_degrees,29.849999999999998,1,20.779997348318521,19.088965734239654,1.6910316140788666,19.089458136593162,0.00049240235350822559
m0,289,detector_2theta_degrees,29.949999999999999,1,20.236739387682327,18.982817876470158,1.2539215112121695,18.983265387783884,0.00044751131372677833
