m,branch,qz_center,gui_L,final_L,gui_background_density,final_data_density,pixel_count,delta_L,delta_density
1,-,0.4754284605128358,0.5130208333333334,0.5130208333333334,13.663127525866061,13.663127525866061,299.0,0.0,0.0
1,-,0.4995618849043504,0.5390625,0.5390625,13.04747696647643,13.04747696647643,300.0,0.0,0.0
1,-,0.5236953092958649,0.5651041666666667,0.5651041666666667,13.116268178962024,13.116268178962024,302.0,0.0,0.0
1,-,0.5478287336873793,0.5911458333333333,0.5911458333333333,15.30329036122024,15.30329036122024,300.0,0.0,0.0
1,-,0.5719621580788938,0.6171875,0.6171875,17.263044840367932,17.263044840367932,304.0,0.0,0.0
1,-,0.5960955824704084,0.6432291666666667,0.6432291666666667,18.380999291482805,18.380999291482805,300.0,0.0,0.0
1,-,0.620229006861923,0.6692708333333334,0.6692708333333334,18.220138921325425,18.220138921325425,309.0,0.0,0.0
1,-,0.6443624312534375,0.6953125000000001,0.6953125000000001,19.155700146007728,19.155700146007728,310.0,0.0,0.0
1,-,0.6684958556449518,0.7213541666666666,0.7213541666666666,23.008404761056166,23.008404761056166,309.0,0.0,0.0
1,-,0.6926292800364664,0.7473958333333334,0.7473958333333334,25.865652152932896,25.865652152932896,309.0,0.0,0.0
1,-,0.716762704427981,0.7734375,0.7734375,30.2169979188017,30.2169979188017,317.0,0.0,0.0
1,-,0.7408961288194955,0.7994791666666667,0.7994791666666667,38.46195381071634,38.46195381071634,316.0,0.0,0.0
1,-,0.76502955321101,0.8255208333333334,0.8255208333333334,51.62238973175238,51.62238973175238,317.0,0.0,0.0
1,-,0.7891629776025244,0.8515625,0.8515625,69.04708223651562,69.04708223651562,318.0,0.0,0.0
1,-,0.813296401994039,0.8776041666666666,0.8776041666666666,95.64269485415826,95.64269485415826,322.0,0.0,0.0
1,-,0.8374298263855535,0.9036458333333334,0.9036458333333334,144.68167620083508,144.68167620083508,323.0,0.0,0.0
1,-,0.8615632507770681,0.9296875000000001,0.9296875000000001,242.57816442966748,242.57816442966748,326.0,0.0,0.0
1,-,0.8856966751685824,0.9557291666666666,0.9557291666666666,320.10111198445657,320.10111198445657,325.0,0.0,0.0
1,-,0.909830099560097,0.9817708333333334,0.9817708333333334,258.45794776801,258.45794776801,331.0,0.0,0.0
1,-,0.9339635239516116,1.0078125000000002,1.0078125000000002,171.0703094003573,171.0703094003573,333.0,0.0,0.0
1,-,0.9580969483431261,1.0338541666666667,1.0338541666666667,118.46847728169588,118.46847728169588,332.0,0.0,0.0
1,-,0.9822303727346405,1.0598958333333333,1.0598958333333333,93.7510026373878,93.7510026373878,340.0,0.0,0.0
1,-,1.0063637971261552,1.0859375000000002,1.0859375000000002,81.67912577751225,81.67912577751225,336.0,0.0,0.0
1,-,1.0304972215176695,1.1119791666666667,1.1119791666666667,75.18788326194074,75.18788326194074,346.0,0.0,0.0
1,-,1.0546306459091839,1.1380208333333333,1.1380208333333333,72.22296037605645,72.22296037605645,342.0,0.0,0.0
1,-,1.0787640703006987,1.1640625,1.1640625,69.78969860811794,69.78969860811794,346.0,0.0,0.0
1,-,1.1028974946922132,1.1901041666666667,1.1901041666666667,70.68663626809195,70.68663626809195,349.0,0.0,0.0
1,-,1.1270309190837278,1.2161458333333335,1.2161458333333335,71.45918191470564,71.45918191470564,354.0,0.0,0.0
1,-,1.151164343475242,1.2421875,1.2421875,75.72102842272373,75.72102842272373,356.0,0.0,0.0
1,-,1.1752977678667567,1.2682291666666667,1.2682291666666667,74.48062494164768,74.48062494164768,360.0,0.0,0.0
1,-,1.1994311922582712,1.2942708333333335,1.2942708333333335,63.22252005036762,63.22252005036762,361.0,0.0,0.0
1,-,1.2235646166497856,1.3203125,1.3203125,52.26954182066979,52.26954182066979,365.0,0.0,0.0
1,-,1.2476980410413,1.3463541666666667,1.3463541666666667,45.495471664757076,45.495471664757076,369.0,0.0,0.0
1,-,1.2718314654328147,1.3723958333333335,1.3723958333333335,44.52936173846158,44.52936173846158,370.0,0.0,0.0
1,-,1.2959648898243294,1.3984375000000004,1.3984375000000004,44.87371238923248,44.87371238923248,376.0,0.0,0.0
1,-,1.3200983142158438,1.4244791666666667,1.4244791666666667,47.352167070740705,47.352167070740705,378.0,0.0,0.0
1,-,1.3442317386073581,1.4505208333333333,1.4505208333333333,44.460533495691536,44.460533495691536,380.0,0.0,0.0
1,-,1.368365162998873,1.4765625000000002,1.4765625000000002,36.614501570928,36.614501570928,388.0,0.0,0.0
1,-,1.3924985873903872,1.5026041666666667,1.5026041666666667,32.92482857130119,32.92482857130119,388.0,0.0,0.0
1,-,1.4166320117819016,1.5286458333333333,1.5286458333333333,30.907513893889234,30.907513893889234,398.0,0.0,0.0
1,-,1.4407654361734163,1.5546875000000002,1.5546875000000002,32.242400421374064,32.242400421374064,394.0,0.0,0.0
1,-,1.4648988605649307,1.5807291666666667,1.5807291666666667,33.914550220734405,33.914550220734405,405.0,0.0,0.0
1,-,1.4890322849564452,1.6067708333333335,1.6067708333333335,31.297650148929417,31.297650148929417,405.0,0.0,0.0
1,-,1.5131657093479598,1.6328125,1.6328125,29.379858381523807,29.379858381523807,412.0,0.0,0.0
1,-,1.5372991337394744,1.6588541666666667,1.6588541666666667,27.687015306362557,27.687015306362557,418.0,0.0,0.0
1,-,1.561432558130989,1.6848958333333335,1.6848958333333335,28.278366937708174,28.278366937708174,421.0,0.0,0.0
1,-,1.5855659825225032,1.7109375,1.7109375,30.926756208557457,30.926756208557457,425.0,0.0,0.0
1,-,1.6096994069140178,1.7369791666666667,1.7369791666666667,33.91518499275775,33.91518499275775,432.0,0.0,0.0
1,-,1.6338328313055324,1.7630208333333335,1.7630208333333335,36.6038025728146,36.6038025728146,436.0,0.0,0.0
1,-,1.6579662556970467,1.7890625,1.7890625,40.1431140931577,40.1431140931577,442.0,0.0,0.0
1,-,1.6820996800885613,1.8151041666666667,1.8151041666666667,50.39722425237799,50.39722425237799,447.0,0.0,0.0
1,-,1.7062331044800758,1.8411458333333333,1.8411458333333333,72.61183593414609,72.61183593414609,454.0,0.0,0.0
1,-,1.7303665288715906,1.8671875000000002,1.8671875000000002,107.89601544651491,107.89601544651491,458.0,0.0,0.0
1,-,1.754499953263105,1.8932291666666667,1.8932291666666667,135.2199875684612,135.2199875684612,466.0,0.0,0.0
1,-,1.7786333776546193,1.9192708333333333,1.9192708333333333,111.21495018414198,111.21495018414198,476.0,0.0,0.0
1,-,1.802766802046134,1.9453125000000002,1.9453125000000002,63.90280296643299,63.90280296643299,477.0,0.0,0.0
1,-,1.8269002264376484,1.9713541666666667,1.9713541666666667,34.8245143598753,34.8245143598753,487.0,0.0,0.0
1,-,1.851033650829163,1.9973958333333335,1.9973958333333335,19.44074034660048,19.44074034660048,495.0,0.0,0.0
1,-,1.8751670752206775,2.0234375,2.0234375,14.124369436732614,14.124369436732614,498.0,0.0,0.0
1,-,1.8993004996121918,2.0494791666666665,2.0494791666666665,10.823916269644323,10.823916269644323,511.0,0.0,0.0
1,-,1.9234339240037066,2.0755208333333335,2.0755208333333335,9.343354638490608,9.343354638490608,517.0,0.0,0.0
1,-,1.9475673483952212,2.1015625000000004,2.1015625000000004,8.647361823729305,8.647361823729305,524.0,0.0,0.0
1,-,1.9717007727867355,2.127604166666667,2.127604166666667,7.654465072073955,7.654465072073955,531.0,0.0,0.0
1,-,1.99583419717825,2.1536458333333335,2.1536458333333335,8.227391744739128,8.227391744739128,544.0,0.0,0.0
1,-,2.019967621569765,2.1796875000000004,2.1796875000000004,7.914062785329873,7.914062785329873,546.0,0.0,0.0
1,-,2.0441010459612787,2.2057291666666665,2.2057291666666665,8.072185999040235,8.072185999040235,562.0,0.0,0.0
1,-,2.0682344703527935,2.2317708333333335,2.2317708333333335,8.044071337045137,8.044071337045137,567.0,0.0,0.0
1,-,2.0923678947443083,2.2578125000000004,2.2578125000000004,6.957661567644165,6.957661567644165,584.0,0.0,0.0
1,-,2.116501319135822,2.2838541666666665,2.2838541666666665,6.863732051884529,6.863732051884529,592.0,0.0,0.0
1,-,2.140634743527337,2.3098958333333335,2.3098958333333335,6.853918269177181,6.853918269177181,598.0,0.0,0.0
1,-,2.1647681679188517,2.3359375000000004,2.3359375000000004,8.42851571978311,8.42851571978311,610.0,0.0,0.0
1,-,2.1889015923103656,2.3619791666666665,2.3619791666666665,8.795017904925746,8.795017904925746,621.0,0.0,0.0
1,-,2.2130350167018804,2.3880208333333335,2.3880208333333335,8.210992480967738,8.210992480967738,635.0,0.0,0.0
1,-,2.237168441093395,2.4140625,2.4140625,8.069696366961224,8.069696366961224,648.0,0.0,0.0
1,-,2.26130186548491,2.440104166666667,2.440104166666667,8.22969579923249,8.22969579923249,657.0,0.0,0.0
1,-,2.2854352898764243,2.4661458333333335,2.4661458333333335,9.020118027125163,9.020118027125163,674.0,0.0,0.0
1,-,2.3095687142679386,2.4921875,2.4921875,11.07251039276826,11.07251039276826,696.0,0.0,0.0
1,-,2.3337021386594534,2.518229166666667,2.518229166666667,11.877906444707463,11.877906444707463,706.0,0.0,0.0
1,-,2.3578355630509678,2.5442708333333335,2.5442708333333335,11.47360657362175,11.47360657362175,719.0,0.0,0.0
1,-,2.381968987442482,2.5703125,2.5703125,9.19494107233557,9.19494107233557,737.0,0.0,0.0
1,-,2.406102411833997,2.596354166666667,2.596354166666667,8.018402712631842,8.018402712631842,759.0,0.0,0.0
1,-,2.430235836225511,2.6223958333333335,2.6223958333333335,7.617348056875089,7.617348056875089,770.0,0.0,0.0
1,-,2.4543692606170255,2.6484375,2.6484375,7.321328635669099,7.321328635669099,787.0,0.0,0.0
1,-,2.4785026850085403,2.674479166666667,2.674479166666667,7.754122154767675,7.754122154767675,805.0,0.0,0.0
1,-,2.5026361094000547,2.7005208333333335,2.7005208333333335,8.71708189642831,8.71708189642831,831.0,0.0,0.0
1,-,2.526769533791569,2.7265625,2.7265625,10.482090987060948,10.482090987060948,849.0,0.0,0.0
1,-,2.5509029581830838,2.752604166666667,2.752604166666667,12.723978139376792,12.723978139376792,872.0,0.0,0.0
1,-,2.575036382574598,2.7786458333333335,2.7786458333333335,16.735212251801507,16.735212251801507,898.0,0.0,0.0
1,-,2.5991698069661124,2.8046875,2.8046875,21.076023504512616,21.076023504512616,925.0,0.0,0.0
1,-,2.623303231357627,2.830729166666667,2.830729166666667,22.449708451690586,22.449708451690586,943.0,0.0,0.0
1,-,2.6474366557491416,2.856770833333333,2.856770833333333,17.89725503953656,17.89725503953656,972.0,0.0,0.0
1,-,2.6715700801406563,2.8828125,2.8828125,9.846414720741757,9.846414720741757,1005.0,0.0,0.0
1,-,2.6957035045321707,2.9088541666666665,2.9088541666666665,4.409888013539024,4.409888013539024,1032.0,0.0,0.0
1,-,2.7198369289236854,2.9348958333333335,2.9348958333333335,2.171577628753079,2.171577628753079,1062.0,0.0,0.0
1,-,2.7439703533152002,2.9609375000000004,2.9609375000000004,1.1452307629235625,1.1452307629235625,1097.0,0.0,0.0
1,-,2.768103777706714,2.9869791666666665,2.9869791666666665,0.677626624049178,0.677626624049178,1134.0,0.0,0.0
1,+,0.4754284605128358,0.5130208333333334,0.5130208333333334,18.387383181032767,18.387383181032767,287.0,0.0,0.0
1,+,0.4995618849043504,0.5390625,0.5390625,19.14818023431549,19.14818023431549,290.0,0.0,0.0
1,+,0.5236953092958649,0.5651041666666667,0.5651041666666667,20.15872818364061,20.15872818364061,291.0,0.0,0.0
1,+,0.5478287336873793,0.5911458333333333,0.5911458333333333,20.926413517450833,20.926413517450833,293.0,0.0,0.0
1,+,0.5719621580788938,0.6171875,0.6171875,21.036564062878377,21.036564062878377,292.0,0.0,0.0
1,+,0.5960955824704084,0.6432291666666667,0.6432291666666667,23.708991611297243,23.708991611297243,295.0,0.0,0.0
1,+,0.620229006861923,0.6692708333333334,0.6692708333333334,25.51972609894344,25.51972609894344,296.0,0.0,0.0
1,+,0.6443624312534375,0.6953125000000001,0.6953125000000001,29.18618696462062,29.18618696462062,300.0,0.0,0.0
1,+,0.6684958556449518,0.7213541666666666,0.7213541666666666,31.755101597235296,31.755101597235296,301.0,0.0,0.0
1,+,0.6926292800364664,0.7473958333333334,0.7473958333333334,38.377806420041374,38.377806420041374,298.0,0.0,0.0
1,+,0.716762704427981,0.7734375,0.7734375,46.79949733459405,46.79949733459405,302.0,0.0,0.0
1,+,0.7408961288194955,0.7994791666666667,0.7994791666666667,61.17926143260382,61.17926143260382,307.0,0.0,0.0
1,+,0.76502955321101,0.8255208333333334,0.8255208333333334,98.19013813192159,98.19013813192159,308.0,0.0,0.0
1,+,0.7891629776025244,0.8515625,0.8515625,176.1036601777938,176.1036601777938,308.0,0.0,0.0
1,+,0.813296401994039,0.8776041666666666,0.8776041666666666,298.4533531380198,298.4533531380198,311.0,0.0,0.0
1,+,0.8374298263855535,0.9036458333333334,0.9036458333333334,331.4916047689691,331.4916047689691,311.0,0.0,0.0
1,+,0.8615632507770681,0.9296875000000001,0.9296875000000001,246.80176177498083,246.80176177498083,315.0,0.0,0.0
1,+,0.8856966751685824,0.9557291666666666,0.9557291666666666,176.0250414972659,176.0250414972659,316.0,0.0,0.0
1,+,0.909830099560097,0.9817708333333334,0.9817708333333334,133.74861118148277,133.74861118148277,320.0,0.0,0.0
1,+,0.9339635239516116,1.0078125000000002,1.0078125000000002,112.56200641184725,112.56200641184725,317.0,0.0,0.0
1,+,0.9580969483431261,1.0338541666666667,1.0338541666666667,93.36861050962803,93.36861050962803,324.0,0.0,0.0
1,+,0.9822303727346405,1.0598958333333333,1.0598958333333333,82.95247685148894,82.95247685148894,325.0,0.0,0.0
1,+,1.0063637971261552,1.0859375000000002,1.0859375000000002,78.04038987568534,78.04038987568534,327.0,0.0,0.0
1,+,1.0304972215176695,1.1119791666666667,1.1119791666666667,76.48032164312784,76.48032164312784,331.0,0.0,0.0
1,+,1.0546306459091839,1.1380208333333333,1.1380208333333333,78.14564948446959,78.14564948446959,331.0,0.0,0.0
1,+,1.0787640703006987,1.1640625,1.1640625,83.07549980079655,83.07549980079655,336.0,0.0,0.0
1,+,1.1028974946922132,1.1901041666666667,1.1901041666666667,87.28214331496345,87.28214331496345,336.0,0.0,0.0
1,+,1.1270309190837278,1.2161458333333335,1.2161458333333335,80.35439059723325,80.35439059723325,341.0,0.0,0.0
1,+,1.151164343475242,1.2421875,1.2421875,66.78292242396388,66.78292242396388,341.0,0.0,0.0
1,+,1.1752977678667567,1.2682291666666667,1.2682291666666667,57.046606976074656,57.046606976074656,349.0,0.0,0.0
1,+,1.1994311922582712,1.2942708333333335,1.2942708333333335,52.193483355574074,52.193483355574074,350.0,0.0,0.0
1,+,1.2235646166497856,1.3203125,1.3203125,51.13560902078233,51.13560902078233,349.0,0.0,0.0
1,+,1.2476980410413,1.3463541666666667,1.3463541666666667,54.09506029088751,54.09506029088751,357.0,0.0,0.0
1,+,1.2718314654328147,1.3723958333333335,1.3723958333333335,57.16014362677658,57.16014362677658,356.0,0.0,0.0
1,+,1.2959648898243294,1.3984375000000004,1.3984375000000004,53.26933467384555,53.26933467384555,366.0,0.0,0.0
1,+,1.3200983142158438,1.4244791666666667,1.4244791666666667,47.17163842181727,47.17163842181727,361.0,0.0,0.0
1,+,1.3442317386073581,1.4505208333333333,1.4505208333333333,41.898307712269876,41.898307712269876,369.0,0.0,0.0
1,+,1.368365162998873,1.4765625000000002,1.4765625000000002,40.23799113376961,40.23799113376961,374.0,0.0,0.0
1,+,1.3924985873903872,1.5026041666666667,1.5026041666666667,40.766904233174216,40.766904233174216,375.0,0.0,0.0
1,+,1.4166320117819016,1.5286458333333333,1.5286458333333333,38.853013482609235,38.853013482609235,383.0,0.0,0.0
1,+,1.4407654361734163,1.5546875000000002,1.5546875000000002,38.16840022637199,38.16840022637199,383.0,0.0,0.0
1,+,1.4648988605649307,1.5807291666666667,1.5807291666666667,35.38599138795638,35.38599138795638,388.0,0.0,0.0
1,+,1.4890322849564452,1.6067708333333335,1.6067708333333335,33.67270158315871,33.67270158315871,393.0,0.0,0.0
1,+,1.5131657093479598,1.6328125,1.6328125,32.34318712606848,32.34318712606848,398.0,0.0,0.0
1,+,1.5372991337394744,1.6588541666666667,1.6588541666666667,34.66623384065145,34.66623384065145,398.0,0.0,0.0
1,+,1.561432558130989,1.6848958333333335,1.6848958333333335,34.76933991897479,34.76933991897479,411.0,0.0,0.0
1,+,1.5855659825225032,1.7109375,1.7109375,34.47739645953971,34.47739645953971,408.0,0.0,0.0
1,+,1.6096994069140178,1.7369791666666667,1.7369791666666667,39.80098612912503,39.80098612912503,417.0,0.0,0.0
1,+,1.6338328313055324,1.7630208333333335,1.7630208333333335,53.40374739910988,53.40374739910988,423.0,0.0,0.0
1,+,1.6579662556970467,1.7890625,1.7890625,86.76440210860768,86.76440210860768,424.0,0.0,0.0
1,+,1.6820996800885613,1.8151041666666667,1.8151041666666667,143.69702776699566,143.69702776699566,430.0,0.0,0.0
1,+,1.7062331044800758,1.8411458333333333,1.8411458333333333,180.22060747536668,180.22060747536668,439.0,0.0,0.0
1,+,1.7303665288715906,1.8671875000000002,1.8671875000000002,151.1494227884394,151.1494227884394,441.0,0.0,0.0
1,+,1.754499953263105,1.8932291666666667,1.8932291666666667,99.71174547486949,99.71174547486949,453.0,0.0,0.0
1,+,1.7786333776546193,1.9192708333333333,1.9192708333333333,63.95224092016069,63.95224092016069,453.0,0.0,0.0
1,+,1.802766802046134,1.9453125000000002,1.9453125000000002,39.450664420922934,39.450664420922934,463.0,0.0,0.0
1,+,1.8269002264376484,1.9713541666666667,1.9713541666666667,27.800205172479707,27.800205172479707,467.0,0.0,0.0
1,+,1.851033650829163,1.9973958333333335,1.9973958333333335,21.229002461282455,21.229002461282455,474.0,0.0,0.0
1,+,1.8751670752206775,2.0234375,2.0234375,18.781725903732653,18.781725903732653,484.0,0.0,0.0
1,+,1.8993004996121918,2.0494791666666665,2.0494791666666665,17.384969485393366,17.384969485393366,491.0,0.0,0.0
1,+,1.9234339240037066,2.0755208333333335,2.0755208333333335,15.763810819675172,15.763810819675172,495.0,0.0,0.0
1,+,1.9475673483952212,2.1015625000000004,2.1015625000000004,15.438286902082297,15.438286902082297,506.0,0.0,0.0
1,+,1.9717007727867355,2.127604166666667,2.127604166666667,14.925623385540279,14.925623385540279,512.0,0.0,0.0
1,+,1.99583419717825,2.1536458333333335,2.1536458333333335,15.875876397795206,15.875876397795206,527.0,0.0,0.0
1,+,2.019967621569765,2.1796875000000004,2.1796875000000004,14.400353617108735,14.400353617108735,528.0,0.0,0.0
1,+,2.0441010459612787,2.2057291666666665,2.2057291666666665,13.108879832515278,13.108879832515278,537.0,0.0,0.0
1,+,2.0682344703527935,2.2317708333333335,2.2317708333333335,13.327228151023121,13.327228151023121,545.0,0.0,0.0
1,+,2.0923678947443083,2.2578125000000004,2.2578125000000004,13.364922781910082,13.364922781910082,561.0,0.0,0.0
1,+,2.116501319135822,2.2838541666666665,2.2838541666666665,15.244704907317356,15.244704907317356,570.0,0.0,0.0
1,+,2.140634743527337,2.3098958333333335,2.3098958333333335,15.930607092936976,15.930607092936976,579.0,0.0,0.0
1,+,2.1647681679188517,2.3359375000000004,2.3359375000000004,16.51414036598387,16.51414036598387,591.0,0.0,0.0
1,+,2.1889015923103656,2.3619791666666665,2.3619791666666665,15.303852692654727,15.303852692654727,604.0,0.0,0.0
1,+,2.2130350167018804,2.3880208333333335,2.3880208333333335,15.277651020871488,15.277651020871488,615.0,0.0,0.0
1,+,2.237168441093395,2.4140625,2.4140625,16.834361951094664,16.834361951094664,622.0,0.0,0.0
1,+,2.26130186548491,2.440104166666667,2.440104166666667,18.933238779086913,18.933238779086913,639.0,0.0,0.0
1,+,2.2854352898764243,2.4661458333333335,2.4661458333333335,21.003680148088716,21.003680148088716,651.0,0.0,0.0
1,+,2.3095687142679386,2.4921875,2.4921875,22.01515552796039,22.01515552796039,664.0,0.0,0.0
1,+,2.3337021386594534,2.518229166666667,2.518229166666667,19.071354671722457,19.071354671722457,680.0,0.0,0.0
1,+,2.3578355630509678,2.5442708333333335,2.5442708333333335,17.479285553582095,17.479285553582095,692.0,0.0,0.0
1,+,2.381968987442482,2.5703125,2.5703125,15.794239496460623,15.794239496460623,711.0,0.0,0.0
1,+,2.406102411833997,2.596354166666667,2.596354166666667,14.558738878909534,14.558738878909534,728.0,0.0,0.0
1,+,2.430235836225511,2.6223958333333335,2.6223958333333335,13.903880434135832,13.903880434135832,743.0,0.0,0.0
1,+,2.4543692606170255,2.6484375,2.6484375,14.36623636902066,14.36623636902066,767.0,0.0,0.0
1,+,2.4785026850085403,2.674479166666667,2.674479166666667,14.136254887852434,14.136254887852434,780.0,0.0,0.0
1,+,2.5026361094000547,2.7005208333333335,2.7005208333333335,17.38450563673145,17.38450563673145,797.0,0.0,0.0
1,+,2.526769533791569,2.7265625,2.7265625,23.87193365875471,23.87193365875471,820.0,0.0,0.0
1,+,2.5509029581830838,2.752604166666667,2.752604166666667,36.214586167129674,36.214586167129674,845.0,0.0,0.0
1,+,2.575036382574598,2.7786458333333335,2.7786458333333335,46.19760848837077,46.19760848837077,863.0,0.0,0.0
1,+,2.5991698069661124,2.8046875,2.8046875,44.06474031358686,44.06474031358686,886.0,0.0,0.0
1,+,2.623303231357627,2.830729166666667,2.830729166666667,31.607673950318016,31.607673950318016,911.0,0.0,0.0
1,+,2.6474366557491416,2.856770833333333,2.856770833333333,19.300576209807375,19.300576209807375,939.0,0.0,0.0
1,+,2.6715700801406563,2.8828125,2.8828125,10.454091432388887,10.454091432388887,964.0,0.0,0.0
1,+,2.6957035045321707,2.9088541666666665,2.9088541666666665,5.829877711664527,5.829877711664527,998.0,0.0,0.0
1,+,2.7198369289236854,2.9348958333333335,2.9348958333333335,3.471515642651413,3.471515642651413,1022.0,0.0,0.0
1,+,2.7439703533152002,2.9609375000000004,2.9609375000000004,2.361259079842432,2.361259079842432,1061.0,0.0,0.0
1,+,2.768103777706714,2.9869791666666665,2.9869791666666665,1.4553864143632032,1.4553864143632032,1092.0,0.0,0.0
3,-,0.4754284605128358,0.5130208333333334,0.5130208333333334,-7.755906208798764,-7.755906208798764,542.0,0.0,0.0
3,-,0.4995618849043504,0.5390625,0.5390625,-7.667912752965987,-7.667912752965987,545.0,0.0,0.0
3,-,0.5236953092958649,0.5651041666666667,0.5651041666666667,-7.420775907249811,-7.420775907249811,544.0,0.0,0.0
3,-,0.5478287336873793,0.5911458333333333,0.5911458333333333,-7.072667524719281,-7.072667524719281,553.0,0.0,0.0
3,-,0.5719621580788938,0.6171875,0.6171875,-7.470306515190199,-7.470306515190199,554.0,0.0,0.0
3,-,0.5960955824704084,0.6432291666666667,0.6432291666666667,-7.031542175799763,-7.031542175799763,557.0,0.0,0.0
3,-,0.620229006861923,0.6692708333333334,0.6692708333333334,-6.610847376169972,-6.610847376169972,562.0,0.0,0.0
3,-,0.6443624312534375,0.6953125000000001,0.6953125000000001,-6.727886365828566,-6.727886365828566,564.0,0.0,0.0
3,-,0.6684958556449518,0.7213541666666666,0.7213541666666666,-6.17235215796925,-6.17235215796925,569.0,0.0,0.0
3,-,0.6926292800364664,0.7473958333333334,0.7473958333333334,-6.141735456135146,-6.141735456135146,570.0,0.0,0.0
3,-,0.716762704427981,0.7734375,0.7734375,-5.1106703979083505,-5.1106703979083505,580.0,0.0,0.0
3,-,0.7408961288194955,0.7994791666666667,0.7994791666666667,-4.214670133044224,-4.214670133044224,575.0,0.0,0.0
3,-,0.76502955321101,0.8255208333333334,0.8255208333333334,-2.954362922966607,-2.954362922966607,585.0,0.0,0.0
3,-,0.7891629776025244,0.8515625,0.8515625,-1.0721345070083734,-1.0721345070083734,587.0,0.0,0.0
3,-,0.813296401994039,0.8776041666666666,0.8776041666666666,1.3636375956544668,1.3636375956544668,592.0,0.0,0.0
3,-,0.8374298263855535,0.9036458333333334,0.9036458333333334,4.846951808767825,4.846951808767825,597.0,0.0,0.0
3,-,0.8615632507770681,0.9296875000000001,0.9296875000000001,9.910140246828778,9.910140246828778,601.0,0.0,0.0
3,-,0.8856966751685824,0.9557291666666666,0.9557291666666666,16.980191244982418,16.980191244982418,606.0,0.0,0.0
3,-,0.909830099560097,0.9817708333333334,0.9817708333333334,21.490626006693898,21.490626006693898,608.0,0.0,0.0
3,-,0.9339635239516116,1.0078125000000002,1.0078125000000002,14.4862879704123,14.4862879704123,618.0,0.0,0.0
3,-,0.9580969483431261,1.0338541666666667,1.0338541666666667,8.07711876524623,8.07711876524623,617.0,0.0,0.0
3,-,0.9822303727346405,1.0598958333333333,1.0598958333333333,1.9492830403052692,1.9492830403052692,630.0,0.0,0.0
3,-,1.0063637971261552,1.0859375000000002,1.0859375000000002,-1.5565238773868186,-1.5565238773868186,628.0,0.0,0.0
3,-,1.0304972215176695,1.1119791666666667,1.1119791666666667,-3.5054191531413856,-3.5054191531413856,639.0,0.0,0.0
3,-,1.0546306459091839,1.1380208333333333,1.1380208333333333,-4.568859344021381,-4.568859344021381,642.0,0.0,0.0
3,-,1.0787640703006987,1.1640625,1.1640625,-4.907386317391828,-4.907386317391828,649.0,0.0,0.0
3,-,1.1028974946922132,1.1901041666666667,1.1901041666666667,-5.785530033748312,-5.785530033748312,655.0,0.0,0.0
3,-,1.1270309190837278,1.2161458333333335,1.2161458333333335,-5.71719532413128,-5.71719532413128,659.0,0.0,0.0
3,-,1.151164343475242,1.2421875,1.2421875,-5.703600941300228,-5.703600941300228,669.0,0.0,0.0
3,-,1.1752977678667567,1.2682291666666667,1.2682291666666667,-5.593557382021357,-5.593557382021357,672.0,0.0,0.0
3,-,1.1994311922582712,1.2942708333333335,1.2942708333333335,-5.225465078012716,-5.225465078012716,682.0,0.0,0.0
3,-,1.2235646166497856,1.3203125,1.3203125,-5.024192489528249,-5.024192489528249,686.0,0.0,0.0
3,-,1.2476980410413,1.3463541666666667,1.3463541666666667,-4.978507798237757,-4.978507798237757,696.0,0.0,0.0
3,-,1.2718314654328147,1.3723958333333335,1.3723958333333335,-5.615224223876907,-5.615224223876907,706.0,0.0,0.0
3,-,1.2959648898243294,1.3984375000000004,1.3984375000000004,-5.097704670213176,-5.097704670213176,711.0,0.0,0.0
3,-,1.3200983142158438,1.4244791666666667,1.4244791666666667,-5.1412551500849775,-5.1412551500849775,720.0,0.0,0.0
3,-,1.3442317386073581,1.4505208333333333,1.4505208333333333,-5.213969999072591,-5.213969999072591,727.0,0.0,0.0
3,-,1.368365162998873,1.4765625000000002,1.4765625000000002,-4.749490452108888,-4.749490452108888,738.0,0.0,0.0
3,-,1.3924985873903872,1.5026041666666667,1.5026041666666667,-4.803705272580897,-4.803705272580897,744.0,0.0,0.0
3,-,1.4166320117819016,1.5286458333333333,1.5286458333333333,-4.580815600549607,-4.580815600549607,757.0,0.0,0.0
3,-,1.4407654361734163,1.5546875000000002,1.5546875000000002,-4.430637666361589,-4.430637666361589,760.0,0.0,0.0
3,-,1.4648988605649307,1.5807291666666667,1.5807291666666667,-4.620801939511,-4.620801939511,772.0,0.0,0.0
3,-,1.4890322849564452,1.6067708333333335,1.6067708333333335,-4.357727237967296,-4.357727237967296,786.0,0.0,0.0
3,-,1.5131657093479598,1.6328125,1.6328125,-4.3431034252759,-4.3431034252759,793.0,0.0,0.0
3,-,1.5372991337394744,1.6588541666666667,1.6588541666666667,-4.112674319042665,-4.112674319042665,804.0,0.0,0.0
3,-,1.561432558130989,1.6848958333333335,1.6848958333333335,-4.0895718558695116,-4.0895718558695116,817.0,0.0,0.0
3,-,1.5855659825225032,1.7109375,1.7109375,-3.5968015537034677,-3.5968015537034677,827.0,0.0,0.0
3,-,1.6096994069140178,1.7369791666666667,1.7369791666666667,-3.959877966942931,-3.959877966942931,836.0,0.0,0.0
3,-,1.6338328313055324,1.7630208333333335,1.7630208333333335,-3.376019612525932,-3.376019612525932,856.0,0.0,0.0
3,-,1.6579662556970467,1.7890625,1.7890625,-3.1386193310332184,-3.1386193310332184,864.0,0.0,0.0
3,-,1.6820996800885613,1.8151041666666667,1.8151041666666667,-2.874074740883932,-2.874074740883932,869.0,0.0,0.0
3,-,1.7062331044800758,1.8411458333333333,1.8411458333333333,-2.7648942558000367,-2.7648942558000367,893.0,0.0,0.0
3,-,1.7303665288715906,1.8671875000000002,1.8671875000000002,-2.3594146618872296,-2.3594146618872296,902.0,0.0,0.0
3,-,1.754499953263105,1.8932291666666667,1.8932291666666667,-1.8866663435156912,-1.8866663435156912,920.0,0.0,0.0
3,-,1.7786333776546193,1.9192708333333333,1.9192708333333333,-1.2410426297636363,-1.2410426297636363,931.0,0.0,0.0
3,-,1.802766802046134,1.9453125000000002,1.9453125000000002,-1.4195986114851078,-1.4195986114851078,947.0,0.0,0.0
3,-,1.8269002264376484,1.9713541666666667,1.9713541666666667,-1.4302991335815038,-1.4302991335815038,962.0,0.0,0.0
3,-,1.851033650829163,1.9973958333333335,1.9973958333333335,-1.7056970132750509,-1.7056970132750509,980.0,0.0,0.0
3,-,1.8751670752206775,2.0234375,2.0234375,-1.5360535777486757,-1.5360535777486757,997.0,0.0,0.0
3,-,1.8993004996121918,2.0494791666666665,2.0494791666666665,-1.6406490002080445,-1.6406490002080445,1013.0,0.0,0.0
3,-,1.9234339240037066,2.0755208333333335,2.0755208333333335,-1.4737937774809609,-1.4737937774809609,1033.0,0.0,0.0
3,-,1.9475673483952212,2.1015625000000004,2.1015625000000004,-1.1044269913072995,-1.1044269913072995,1053.0,0.0,0.0
3,-,1.9717007727867355,2.127604166666667,2.127604166666667,-1.1656953765926945,-1.1656953765926945,1071.0,0.0,0.0
3,-,1.99583419717825,2.1536458333333335,2.1536458333333335,-0.834505839022651,-0.834505839022651,1087.0,0.0,0.0
3,-,2.019967621569765,2.1796875000000004,2.1796875000000004,-0.737299612609889,-0.737299612609889,1112.0,0.0,0.0
3,-,2.0441010459612787,2.2057291666666665,2.2057291666666665,-0.7833042427881616,-0.7833042427881616,1136.0,0.0,0.0
3,-,2.0682344703527935,2.2317708333333335,2.2317708333333335,-0.7046931463128276,-0.7046931463128276,1152.0,0.0,0.0
3,-,2.0923678947443083,2.2578125000000004,2.2578125000000004,-0.47433757118651987,-0.47433757118651987,1178.0,0.0,0.0
3,-,2.116501319135822,2.2838541666666665,2.2838541666666665,-0.38912119670142714,-0.38912119670142714,1200.0,0.0,0.0
3,-,2.140634743527337,2.3098958333333335,2.3098958333333335,-0.2780364349662974,-0.2780364349662974,1227.0,0.0,0.0
3,-,2.1647681679188517,2.3359375000000004,2.3359375000000004,-0.15444027039828107,-0.15444027039828107,1252.0,0.0,0.0
3,-,2.1889015923103656,2.3619791666666665,2.3619791666666665,0.1614381478253459,0.1614381478253459,1281.0,0.0,0.0
3,-,2.2130350167018804,2.3880208333333335,2.3880208333333335,0.16353502786726754,0.16353502786726754,1306.0,0.0,0.0
3,-,2.237168441093395,2.4140625,2.4140625,0.2742111264746226,0.2742111264746226,1341.0,0.0,0.0
3,-,2.26130186548491,2.440104166666667,2.440104166666667,0.5391954500323405,0.5391954500323405,1364.0,0.0,0.0
3,-,2.2854352898764243,2.4661458333333335,2.4661458333333335,0.3932519213785813,0.3932519213785813,1397.0,0.0,0.0
3,-,2.3095687142679386,2.4921875,2.4921875,0.7983995926044215,0.7983995926044215,1432.0,0.0,0.0
3,-,2.3337021386594534,2.518229166666667,2.518229166666667,1.0178773640824152,1.0178773640824152,1465.0,0.0,0.0
3,-,2.3578355630509678,2.5442708333333335,2.5442708333333335,1.3654449587625492,1.3654449587625492,1503.0,0.0,0.0
3,-,2.381968987442482,2.5703125,2.5703125,1.8667889236916344,1.8667889236916344,1537.0,0.0,0.0
3,-,2.406102411833997,2.596354166666667,2.596354166666667,2.1078937813449565,2.1078937813449565,1581.0,0.0,0.0
3,-,2.430235836225511,2.6223958333333335,2.6223958333333335,2.4595702412248768,2.4595702412248768,1620.0,0.0,0.0
3,-,2.4543692606170255,2.6484375,2.6484375,2.677081685725708,2.677081685725708,1657.0,0.0,0.0
3,-,2.4785026850085403,2.674479166666667,2.674479166666667,3.28712757587026,3.28712757587026,1702.0,0.0,0.0
3,-,2.5026361094000547,2.7005208333333335,2.7005208333333335,4.0280885918908345,4.0280885918908345,1751.0,0.0,0.0
3,-,2.526769533791569,2.7265625,2.7265625,4.772052459056558,4.772052459056558,1801.0,0.0,0.0
3,-,2.5509029581830838,2.752604166666667,2.752604166666667,5.536685994408867,5.536685994408867,1840.0,0.0,0.0
3,-,2.575036382574598,2.7786458333333335,2.7786458333333335,6.985073601630872,6.985073601630872,1910.0,0.0,0.0
3,-,2.5991698069661124,2.8046875,2.8046875,8.707865981517745,8.707865981517745,1946.0,0.0,0.0
3,-,2.623303231357627,2.830729166666667,2.830729166666667,9.881513264323646,9.881513264323646,2020.0,0.0,0.0
3,-,2.6474366557491416,2.856770833333333,2.856770833333333,10.03207007983354,10.03207007983354,2075.0,0.0,0.0
3,-,2.6715700801406563,2.8828125,2.8828125,9.13594214560448,9.13594214560448,2136.0,0.0,0.0
3,-,2.6957035045321707,2.9088541666666665,2.9088541666666665,7.1425668324818625,7.1425668324818625,2206.0,0.0,0.0
3,-,2.7198369289236854,2.9348958333333335,2.9348958333333335,5.840828635232838,5.840828635232838,2276.0,0.0,0.0
3,-,2.7439703533152002,2.9609375000000004,2.9609375000000004,5.652748341798185,5.652748341798185,2351.0,0.0,0.0
3,-,2.768103777706714,2.9869791666666665,2.9869791666666665,5.840961690217204,5.840961690217204,2424.0,0.0,0.0
3,+,0.4754284605128358,0.5130208333333334,0.5130208333333334,-14.169439251248305,-14.169439251248305,505.0,0.0,0.0
3,+,0.4995618849043504,0.5390625,0.5390625,-14.299137849891316,-14.299137849891316,504.0,0.0,0.0
3,+,0.5236953092958649,0.5651041666666667,0.5651041666666667,-14.311320194511637,-14.311320194511637,511.0,0.0,0.0
3,+,0.5478287336873793,0.5911458333333333,0.5911458333333333,-13.691533865684287,-13.691533865684287,517.0,0.0,0.0
3,+,0.5719621580788938,0.6171875,0.6171875,-13.398099313159546,-13.398099313159546,517.0,0.0,0.0
3,+,0.5960955824704084,0.6432291666666667,0.6432291666666667,-13.202927422547077,-13.202927422547077,521.0,0.0,0.0
3,+,0.620229006861923,0.6692708333333334,0.6692708333333334,-12.905327327276026,-12.905327327276026,523.0,0.0,0.0
3,+,0.6443624312534375,0.6953125000000001,0.6953125000000001,-12.26803300427347,-12.26803300427347,527.0,0.0,0.0
3,+,0.6684958556449518,0.7213541666666666,0.7213541666666666,-11.158788475240348,-11.158788475240348,532.0,0.0,0.0
3,+,0.6926292800364664,0.7473958333333334,0.7473958333333334,-9.280442754031888,-9.280442754031888,532.0,0.0,0.0
3,+,0.716762704427981,0.7734375,0.7734375,-6.897883657841362,-6.897883657841362,539.0,0.0,0.0
3,+,0.7408961288194955,0.7994791666666667,0.7994791666666667,-2.9615035885432754,-2.9615035885432754,541.0,0.0,0.0
3,+,0.76502955321101,0.8255208333333334,0.8255208333333334,2.9621956576456943,2.9621956576456943,543.0,0.0,0.0
3,+,0.7891629776025244,0.8515625,0.8515625,10.90861930156732,10.90861930156732,547.0,0.0,0.0
3,+,0.813296401994039,0.8776041666666666,0.8776041666666666,16.714098936190275,16.714098936190275,553.0,0.0,0.0
3,+,0.8374298263855535,0.9036458333333334,0.9036458333333334,11.24322289955913,11.24322289955913,557.0,0.0,0.0
3,+,0.8615632507770681,0.9296875000000001,0.9296875000000001,4.331542002998294,4.331542002998294,560.0,0.0,0.0
3,+,0.8856966751685824,0.9557291666666666,0.9557291666666666,-1.2549165299359215,-1.2549165299359215,565.0,0.0,0.0
3,+,0.909830099560097,0.9817708333333334,0.9817708333333334,-5.0335582501471645,-5.0335582501471645,569.0,0.0,0.0
3,+,0.9339635239516116,1.0078125000000002,1.0078125000000002,-7.055726462014164,-7.055726462014164,576.0,0.0,0.0
3,+,0.9580969483431261,1.0338541666666667,1.0338541666666667,-8.847342223114115,-8.847342223114115,574.0,0.0,0.0
3,+,0.9822303727346405,1.0598958333333333,1.0598958333333333,-9.949630809494625,-9.949630809494625,583.0,0.0,0.0
3,+,1.0063637971261552,1.0859375000000002,1.0859375000000002,-10.215386198370302,-10.215386198370302,590.0,0.0,0.0
3,+,1.0304972215176695,1.1119791666666667,1.1119791666666667,-10.555871645074484,-10.555871645074484,592.0,0.0,0.0
3,+,1.0546306459091839,1.1380208333333333,1.1380208333333333,-10.545472916513756,-10.545472916513756,599.0,0.0,0.0
3,+,1.0787640703006987,1.1640625,1.1640625,-10.452345033084098,-10.452345033084098,605.0,0.0,0.0
3,+,1.1028974946922132,1.1901041666666667,1.1901041666666667,-10.329126615309304,-10.329126615309304,611.0,0.0,0.0
3,+,1.1270309190837278,1.2161458333333335,1.2161458333333335,-10.16889324779142,-10.16889324779142,618.0,0.0,0.0
3,+,1.151164343475242,1.2421875,1.2421875,-9.885130666400753,-9.885130666400753,621.0,0.0,0.0
3,+,1.1752977678667567,1.2682291666666667,1.2682291666666667,-9.87602115283856,-9.87602115283856,625.0,0.0,0.0
3,+,1.1994311922582712,1.2942708333333335,1.2942708333333335,-9.592425932871016,-9.592425932871016,635.0,0.0,0.0
3,+,1.2235646166497856,1.3203125,1.3203125,-9.532302242341899,-9.532302242341899,640.0,0.0,0.0
3,+,1.2476980410413,1.3463541666666667,1.3463541666666667,-9.14960760374565,-9.14960760374565,650.0,0.0,0.0
3,+,1.2718314654328147,1.3723958333333335,1.3723958333333335,-9.163908836448856,-9.163908836448856,655.0,0.0,0.0
3,+,1.2959648898243294,1.3984375000000004,1.3984375000000004,-9.021459996815084,-9.021459996815084,658.0,0.0,0.0
3,+,1.3200983142158438,1.4244791666666667,1.4244791666666667,-8.867487954053605,-8.867487954053605,672.0,0.0,0.0
3,+,1.3442317386073581,1.4505208333333333,1.4505208333333333,-8.42625599199478,-8.42625599199478,675.0,0.0,0.0
3,+,1.368365162998873,1.4765625000000002,1.4765625000000002,-8.231123592420388,-8.231123592420388,687.0,0.0,0.0
3,+,1.3924985873903872,1.5026041666666667,1.5026041666666667,-7.437848319173913,-7.437848319173913,692.0,0.0,0.0
3,+,1.4166320117819016,1.5286458333333333,1.5286458333333333,-6.703788679371823,-6.703788679371823,702.0,0.0,0.0
3,+,1.4407654361734163,1.5546875000000002,1.5546875000000002,-5.8300869775701125,-5.8300869775701125,713.0,0.0,0.0
3,+,1.4648988605649307,1.5807291666666667,1.5807291666666667,-5.070718390320954,-5.070718390320954,715.0,0.0,0.0
3,+,1.4890322849564452,1.6067708333333335,1.6067708333333335,-5.243898709290056,-5.243898709290056,727.0,0.0,0.0
3,+,1.5131657093479598,1.6328125,1.6328125,-4.495972364522665,-4.495972364522665,737.0,0.0,0.0
3,+,1.5372991337394744,1.6588541666666667,1.6588541666666667,-4.197600632798049,-4.197600632798049,748.0,0.0,0.0
3,+,1.561432558130989,1.6848958333333335,1.6848958333333335,-4.171240756219698,-4.171240756219698,756.0,0.0,0.0
3,+,1.5855659825225032,1.7109375,1.7109375,-3.863053167481249,-3.863053167481249,768.0,0.0,0.0
3,+,1.6096994069140178,1.7369791666666667,1.7369791666666667,-3.3302289156177016,-3.3302289156177016,777.0,0.0,0.0
3,+,1.6338328313055324,1.7630208333333335,1.7630208333333335,-2.6223923779015337,-2.6223923779015337,791.0,0.0,0.0
3,+,1.6579662556970467,1.7890625,1.7890625,-1.963709243470618,-1.963709243470618,798.0,0.0,0.0
3,+,1.6820996800885613,1.8151041666666667,1.8151041666666667,-0.9607288764471121,-0.9607288764471121,818.0,0.0,0.0
3,+,1.7062331044800758,1.8411458333333333,1.8411458333333333,-0.23988168926610598,-0.23988168926610598,821.0,0.0,0.0
3,+,1.7303665288715906,1.8671875000000002,1.8671875000000002,-0.26879982722172585,-0.26879982722172585,838.0,0.0,0.0
3,+,1.754499953263105,1.8932291666666667,1.8932291666666667,-0.7476555800455016,-0.7476555800455016,852.0,0.0,0.0
3,+,1.7786333776546193,1.9192708333333333,1.9192708333333333,-0.9014635874276467,-0.9014635874276467,865.0,0.0,0.0
3,+,1.802766802046134,1.9453125000000002,1.9453125000000002,-0.7716711832928547,-0.7716711832928547,878.0,0.0,0.0
3,+,1.8269002264376484,1.9713541666666667,1.9713541666666667,-0.6907164502878311,-0.6907164502878311,892.0,0.0,0.0
3,+,1.851033650829163,1.9973958333333335,1.9973958333333335,-0.7510294509356933,-0.7510294509356933,908.0,0.0,0.0
3,+,1.8751670752206775,2.0234375,2.0234375,-0.3676700855071953,-0.3676700855071953,923.0,0.0,0.0
3,+,1.8993004996121918,2.0494791666666665,2.0494791666666665,-0.031217292265194648,-0.031217292265194648,938.0,0.0,0.0
3,+,1.9234339240037066,2.0755208333333335,2.0755208333333335,0.07660914384055006,0.07660914384055006,954.0,0.0,0.0
3,+,1.9475673483952212,2.1015625000000004,2.1015625000000004,-0.13936809060603514,-0.13936809060603514,971.0,0.0,0.0
3,+,1.9717007727867355,2.127604166666667,2.127604166666667,0.008731100878186791,0.008731100878186791,992.0,0.0,0.0
3,+,1.99583419717825,2.1536458333333335,2.1536458333333335,0.21828709268006802,0.21828709268006802,1003.0,0.0,0.0
3,+,2.019967621569765,2.1796875000000004,2.1796875000000004,0.5709550042270202,0.5709550042270202,1024.0,0.0,0.0
3,+,2.0441010459612787,2.2057291666666665,2.2057291666666665,0.49213643912179056,0.49213643912179056,1050.0,0.0,0.0
3,+,2.0682344703527935,2.2317708333333335,2.2317708333333335,0.5719290963402098,0.5719290963402098,1066.0,0.0,0.0
3,+,2.0923678947443083,2.2578125000000004,2.2578125000000004,0.7155940713883641,0.7155940713883641,1085.0,0.0,0.0
3,+,2.116501319135822,2.2838541666666665,2.2838541666666665,0.7728698161163967,0.7728698161163967,1108.0,0.0,0.0
3,+,2.140634743527337,2.3098958333333335,2.3098958333333335,0.6574692044281119,0.6574692044281119,1131.0,0.0,0.0
3,+,2.1647681679188517,2.3359375000000004,2.3359375000000004,1.056635862916963,1.056635862916963,1157.0,0.0,0.0
3,+,2.1889015923103656,2.3619791666666665,2.3619791666666665,0.9995143411137373,0.9995143411137373,1179.0,0.0,0.0
3,+,2.2130350167018804,2.3880208333333335,2.3880208333333335,1.1092964467146573,1.1092964467146573,1208.0,0.0,0.0
3,+,2.237168441093395,2.4140625,2.4140625,1.0131845328305351,1.0131845328305351,1232.0,0.0,0.0
3,+,2.26130186548491,2.440104166666667,2.440104166666667,1.384167778895126,1.384167778895126,1260.0,0.0,0.0
3,+,2.2854352898764243,2.4661458333333335,2.4661458333333335,1.740611361448942,1.740611361448942,1288.0,0.0,0.0
3,+,2.3095687142679386,2.4921875,2.4921875,1.9498894993286002,1.9498894993286002,1317.0,0.0,0.0
3,+,2.3337021386594534,2.518229166666667,2.518229166666667,1.9520667289349252,1.9520667289349252,1348.0,0.0,0.0
3,+,2.3578355630509678,2.5442708333333335,2.5442708333333335,2.34497781792077,2.34497781792077,1383.0,0.0,0.0
3,+,2.381968987442482,2.5703125,2.5703125,2.3914241104630283,2.3914241104630283,1416.0,0.0,0.0
3,+,2.406102411833997,2.596354166666667,2.596354166666667,2.694183004862881,2.694183004862881,1451.0,0.0,0.0
3,+,2.430235836225511,2.6223958333333335,2.6223958333333335,2.9853749093831725,2.9853749093831725,1485.0,0.0,0.0
3,+,2.4543692606170255,2.6484375,2.6484375,3.887173776206743,3.887173776206743,1529.0,0.0,0.0
3,+,2.4785026850085403,2.674479166666667,2.674479166666667,5.113503319866447,5.113503319866447,1566.0,0.0,0.0
3,+,2.5026361094000547,2.7005208333333335,2.7005208333333335,7.557012785627623,7.557012785627623,1604.0,0.0,0.0
3,+,2.526769533791569,2.7265625,2.7265625,10.721374290850873,10.721374290850873,1655.0,0.0,0.0
3,+,2.5509029581830838,2.752604166666667,2.752604166666667,14.463877726822393,14.463877726822393,1690.0,0.0,0.0
3,+,2.575036382574598,2.7786458333333335,2.7786458333333335,17.78927847500347,17.78927847500347,1743.0,0.0,0.0
3,+,2.5991698069661124,2.8046875,2.8046875,17.10952740918539,17.10952740918539,1799.0,0.0,0.0
3,+,2.623303231357627,2.830729166666667,2.830729166666667,13.837604322502294,13.837604322502294,1844.0,0.0,0.0
3,+,2.6474366557491416,2.856770833333333,2.856770833333333,11.110469213893493,11.110469213893493,1900.0,0.0,0.0
3,+,2.6715700801406563,2.8828125,2.8828125,8.97789502307175,8.97789502307175,1963.0,0.0,0.0
3,+,2.6957035045321707,2.9088541666666665,2.9088541666666665,7.447391364052427,7.447391364052427,2019.0,0.0,0.0
3,+,2.7198369289236854,2.9348958333333335,2.9348958333333335,6.772350722356507,6.772350722356507,2084.0,0.0,0.0
3,+,2.7439703533152002,2.9609375000000004,2.9609375000000004,6.284774778328314,6.284774778328314,2150.0,0.0,0.0
3,+,2.768103777706714,2.9869791666666665,2.9869791666666665,6.126354004982892,6.126354004982892,2218.0,0.0,0.0
4,-,0.4754284605128358,0.5130208333333334,0.5130208333333334,-4.879213681201418,-4.879213681201418,758.0,0.0,0.0
4,-,0.4995618849043504,0.5390625,0.5390625,-4.711897760767234,-4.711897760767234,768.0,0.0,0.0
4,-,0.5236953092958649,0.5651041666666667,0.5651041666666667,-4.18631350314687,-4.18631350314687,769.0,0.0,0.0
4,-,0.5478287336873793,0.5911458333333333,0.5911458333333333,-4.261319396565188,-4.261319396565188,776.0,0.0,0.0
4,-,0.5719621580788938,0.6171875,0.6171875,-4.0565091407198794,-4.0565091407198794,782.0,0.0,0.0
4,-,0.5960955824704084,0.6432291666666667,0.6432291666666667,-3.7670254567718615,-3.7670254567718615,788.0,0.0,0.0
4,-,0.620229006861923,0.6692708333333334,0.6692708333333334,-3.1832205295734473,-3.1832205295734473,793.0,0.0,0.0
4,-,0.6443624312534375,0.6953125000000001,0.6953125000000001,-3.183371018348917,-3.183371018348917,798.0,0.0,0.0
4,-,0.6684958556449518,0.7213541666666666,0.7213541666666666,-2.53667149027408,-2.53667149027408,801.0,0.0,0.0
4,-,0.6926292800364664,0.7473958333333334,0.7473958333333334,-2.0353497150548243,-2.0353497150548243,810.0,0.0,0.0
4,-,0.716762704427981,0.7734375,0.7734375,-1.3609829370787614,-1.3609829370787614,815.0,0.0,0.0
4,-,0.7408961288194955,0.7994791666666667,0.7994791666666667,-0.8540881135738445,-0.8540881135738445,822.0,0.0,0.0
4,-,0.76502955321101,0.8255208333333334,0.8255208333333334,-0.1746868057582933,-0.1746868057582933,828.0,0.0,0.0
4,-,0.7891629776025244,0.8515625,0.8515625,0.8578286019680084,0.8578286019680084,835.0,0.0,0.0
4,-,0.813296401994039,0.8776041666666666,0.8776041666666666,2.656006911858655,2.656006911858655,839.0,0.0,0.0
4,-,0.8374298263855535,0.9036458333333334,0.9036458333333334,4.782069766682062,4.782069766682062,851.0,0.0,0.0
4,-,0.8615632507770681,0.9296875000000001,0.9296875000000001,8.247066265245406,8.247066265245406,855.0,0.0,0.0
4,-,0.8856966751685824,0.9557291666666666,0.9557291666666666,12.29664416775445,12.29664416775445,859.0,0.0,0.0
4,-,0.909830099560097,0.9817708333333334,0.9817708333333334,15.389474335632796,15.389474335632796,873.0,0.0,0.0
4,-,0.9339635239516116,1.0078125000000002,1.0078125000000002,15.266193672813513,15.266193672813513,875.0,0.0,0.0
4,-,0.9580969483431261,1.0338541666666667,1.0338541666666667,12.408365534634612,12.408365534634612,887.0,0.0,0.0
4,-,0.9822303727346405,1.0598958333333333,1.0598958333333333,9.398979976257202,9.398979976257202,895.0,0.0,0.0
4,-,1.0063637971261552,1.0859375000000002,1.0859375000000002,7.468151227664134,7.468151227664134,905.0,0.0,0.0
4,-,1.0304972215176695,1.1119791666666667,1.1119791666666667,6.170159972068987,6.170159972068987,916.0,0.0,0.0
4,-,1.0546306459091839,1.1380208333333333,1.1380208333333333,5.020987807693974,5.020987807693974,921.0,0.0,0.0
4,-,1.0787640703006987,1.1640625,1.1640625,4.493789405068487,4.493789405068487,927.0,0.0,0.0
4,-,1.1028974946922132,1.1901041666666667,1.1901041666666667,3.802257195432692,3.802257195432692,941.0,0.0,0.0
4,-,1.1270309190837278,1.2161458333333335,1.2161458333333335,3.715247189219383,3.715247189219383,951.0,0.0,0.0
4,-,1.151164343475242,1.2421875,1.2421875,3.4796984509883004,3.4796984509883004,965.0,0.0,0.0
4,-,1.1752977678667567,1.2682291666666667,1.2682291666666667,3.8547355065888693,3.8547355065888693,970.0,0.0,0.0
4,-,1.1994311922582712,1.2942708333333335,1.2942708333333335,3.858498831303909,3.858498831303909,983.0,0.0,0.0
4,-,1.2235646166497856,1.3203125,1.3203125,3.3125293959480517,3.3125293959480517,996.0,0.0,0.0
4,-,1.2476980410413,1.3463541666666667,1.3463541666666667,3.1899081904007978,3.1899081904007978,1007.0,0.0,0.0
4,-,1.2718314654328147,1.3723958333333335,1.3723958333333335,2.40248767715419,2.40248767715419,1017.0,0.0,0.0
4,-,1.2959648898243294,1.3984375000000004,1.3984375000000004,2.2708409863339485,2.2708409863339485,1033.0,0.0,0.0
4,-,1.3200983142158438,1.4244791666666667,1.4244791666666667,2.212386092985857,2.212386092985857,1048.0,0.0,0.0
4,-,1.3442317386073581,1.4505208333333333,1.4505208333333333,2.4958161102085716,2.4958161102085716,1052.0,0.0,0.0
4,-,1.368365162998873,1.4765625000000002,1.4765625000000002,2.3309627811196143,2.3309627811196143,1072.0,0.0,0.0
4,-,1.3924985873903872,1.5026041666666667,1.5026041666666667,1.9576804944804218,1.9576804944804218,1089.0,0.0,0.0
4,-,1.4166320117819016,1.5286458333333333,1.5286458333333333,2.54607582910747,2.54607582910747,1102.0,0.0,0.0
4,-,1.4407654361734163,1.5546875000000002,1.5546875000000002,2.3589282154923144,2.3589282154923144,1115.0,0.0,0.0
4,-,1.4648988605649307,1.5807291666666667,1.5807291666666667,2.4207544217306682,2.4207544217306682,1132.0,0.0,0.0
4,-,1.4890322849564452,1.6067708333333335,1.6067708333333335,2.699509797858502,2.699509797858502,1151.0,0.0,0.0
4,-,1.5131657093479598,1.6328125,1.6328125,2.663310649229876,2.663310649229876,1171.0,0.0,0.0
4,-,1.5372991337394744,1.6588541666666667,1.6588541666666667,2.464810637987491,2.464810637987491,1177.0,0.0,0.0
4,-,1.561432558130989,1.6848958333333335,1.6848958333333335,2.514668304341281,2.514668304341281,1206.0,0.0,0.0
4,-,1.5855659825225032,1.7109375,1.7109375,2.5112877619126026,2.5112877619126026,1215.0,0.0,0.0
4,-,1.6096994069140178,1.7369791666666667,1.7369791666666667,2.6544102593577317,2.6544102593577317,1241.0,0.0,0.0
4,-,1.6338328313055324,1.7630208333333335,1.7630208333333335,3.115949088725558,3.115949088725558,1261.0,0.0,0.0
4,-,1.6579662556970467,1.7890625,1.7890625,3.5375275695934185,3.5375275695934185,1278.0,0.0,0.0
4,-,1.6820996800885613,1.8151041666666667,1.8151041666666667,4.0680812951441,4.0680812951441,1302.0,0.0,0.0
4,-,1.7062331044800758,1.8411458333333333,1.8411458333333333,5.1110758170821455,5.1110758170821455,1326.0,0.0,0.0
4,-,1.7303665288715906,1.8671875000000002,1.8671875000000002,6.459502077585187,6.459502077585187,1347.0,0.0,0.0
4,-,1.754499953263105,1.8932291666666667,1.8932291666666667,7.663830499581565,7.663830499581565,1370.0,0.0,0.0
4,-,1.7786333776546193,1.9192708333333333,1.9192708333333333,8.744844135167376,8.744844135167376,1396.0,0.0,0.0
4,-,1.802766802046134,1.9453125000000002,1.9453125000000002,8.892339951329413,8.892339951329413,1420.0,0.0,0.0
4,-,1.8269002264376484,1.9713541666666667,1.9713541666666667,6.904324019398462,6.904324019398462,1452.0,0.0,0.0
4,-,1.851033650829163,1.9973958333333335,1.9973958333333335,5.1508502179764815,5.1508502179764815,1476.0,0.0,0.0
4,-,1.8751670752206775,2.0234375,2.0234375,4.160400328710641,4.160400328710641,1494.0,0.0,0.0
4,-,1.8993004996121918,2.0494791666666665,2.0494791666666665,3.4860620257972705,3.4860620257972705,1536.0,0.0,0.0
4,-,1.9234339240037066,2.0755208333333335,2.0755208333333335,3.2658576777764416,3.2658576777764416,1564.0,0.0,0.0
4,-,1.9475673483952212,2.1015625000000004,2.1015625000000004,3.4127006505860282,3.4127006505860282,1597.0,0.0,0.0
4,-,1.9717007727867355,2.127604166666667,2.127604166666667,3.387630311360143,3.387630311360143,1629.0,0.0,0.0
4,-,1.99583419717825,2.1536458333333335,2.1536458333333335,3.3394264274855696,3.3394264274855696,1661.0,0.0,0.0
4,-,2.019967621569765,2.1796875000000004,2.1796875000000004,3.557531921706511,3.557531921706511,1699.0,0.0,0.0
4,-,2.0441010459612787,2.2057291666666665,2.2057291666666665,3.892553509504759,3.892553509504759,1735.0,0.0,0.0
4,-,2.0682344703527935,2.2317708333333335,2.2317708333333335,4.087271215021859,4.087271215021859,1774.0,0.0,0.0
4,-,2.0923678947443083,2.2578125000000004,2.2578125000000004,4.200628437178981,4.200628437178981,1814.0,0.0,0.0
4,-,2.116501319135822,2.2838541666666665,2.2838541666666665,4.415774270483029,4.415774270483029,1856.0,0.0,0.0
4,-,2.140634743527337,2.3098958333333335,2.3098958333333335,4.6924174489397465,4.6924174489397465,1900.0,0.0,0.0
4,-,2.1647681679188517,2.3359375000000004,2.3359375000000004,4.383882206582947,4.383882206582947,1946.0,0.0,0.0
4,-,2.1889015923103656,2.3619791666666665,2.3619791666666665,4.792917403225448,4.792917403225448,1991.0,0.0,0.0
4,-,2.2130350167018804,2.3880208333333335,2.3880208333333335,4.95450418320201,4.95450418320201,2040.0,0.0,0.0
4,-,2.237168441093395,2.4140625,2.4140625,5.151775464185472,5.151775464185472,2090.0,0.0,0.0
4,-,2.26130186548491,2.440104166666667,2.440104166666667,5.479559283350049,5.479559283350049,2147.0,0.0,0.0
4,-,2.2854352898764243,2.4661458333333335,2.4661458333333335,5.699953739225114,5.699953739225114,2203.0,0.0,0.0
4,-,2.3095687142679386,2.4921875,2.4921875,5.863674049794212,5.863674049794212,2260.0,0.0,0.0
4,-,2.3337021386594534,2.518229166666667,2.518229166666667,6.225496207557146,6.225496207557146,2319.0,0.0,0.0
4,-,2.3578355630509678,2.5442708333333335,2.5442708333333335,6.532155694408236,6.532155694408236,2390.0,0.0,0.0
4,-,2.381968987442482,2.5703125,2.5703125,6.753157417489518,6.753157417489518,2441.0,0.0,0.0
4,-,2.406102411833997,2.596354166666667,2.596354166666667,6.906211887985447,6.906211887985447,2536.0,0.0,0.0
4,-,2.430235836225511,2.6223958333333335,2.6223958333333335,7.070838999940218,7.070838999940218,2598.0,0.0,0.0
4,-,2.4543692606170255,2.6484375,2.6484375,7.324637436147206,7.324637436147206,2659.0,0.0,0.0
4,-,2.4785026850085403,2.674479166666667,2.674479166666667,7.313574015114292,7.313574015114292,2752.0,0.0,0.0
4,-,2.5026361094000547,2.7005208333333335,2.7005208333333335,7.748605838500619,7.748605838500619,2837.0,0.0,0.0
4,-,2.526769533791569,2.7265625,2.7265625,8.012501045034675,8.012501045034675,2925.0,0.0,0.0
4,-,2.5509029581830838,2.752604166666667,2.752604166666667,8.32425517756826,8.32425517756826,3019.0,0.0,0.0
4,-,2.575036382574598,2.7786458333333335,2.7786458333333335,8.654086397272515,8.654086397272515,3116.0,0.0,0.0
4,-,2.5991698069661124,2.8046875,2.8046875,9.198778397111095,9.198778397111095,3218.0,0.0,0.0
4,-,2.623303231357627,2.830729166666667,2.830729166666667,9.596611832896631,9.596611832896631,3332.0,0.0,0.0
4,-,2.6474366557491416,2.856770833333333,2.856770833333333,9.762897113544971,9.762897113544971,3437.0,0.0,0.0
4,-,2.6715700801406563,2.8828125,2.8828125,9.910946515552961,9.910946515552961,3566.0,0.0,0.0
4,-,2.6957035045321707,2.9088541666666665,2.9088541666666665,9.796319376271658,9.796319376271658,3691.0,0.0,0.0
4,-,2.7198369289236854,2.9348958333333335,2.9348958333333335,9.89836850807142,9.89836850807142,3824.0,0.0,0.0
4,-,2.7439703533152002,2.9609375000000004,2.9609375000000004,10.11255817531328,10.11255817531328,3964.0,0.0,0.0
4,-,2.768103777706714,2.9869791666666665,2.9869791666666665,10.291586916619071,10.291586916619071,4115.0,0.0,0.0
4,+,0.4754284605128358,0.5130208333333334,0.5130208333333334,-11.490935273357556,-11.490935273357556,702.0,0.0,0.0
4,+,0.4995618849043504,0.5390625,0.5390625,-11.02313651446926,-11.02313651446926,704.0,0.0,0.0
4,+,0.5236953092958649,0.5651041666666667,0.5651041666666667,-10.803754368860892,-10.803754368860892,707.0,0.0,0.0
4,+,0.5478287336873793,0.5911458333333333,0.5911458333333333,-10.477513982360627,-10.477513982360627,714.0,0.0,0.0
4,+,0.5719621580788938,0.6171875,0.6171875,-10.383167711364484,-10.383167711364484,715.0,0.0,0.0
4,+,0.5960955824704084,0.6432291666666667,0.6432291666666667,-10.17908544380024,-10.17908544380024,724.0,0.0,0.0
4,+,0.620229006861923,0.6692708333333334,0.6692708333333334,-9.730602809200546,-9.730602809200546,724.0,0.0,0.0
4,+,0.6443624312534375,0.6953125000000001,0.6953125000000001,-9.452487971422977,-9.452487971422977,735.0,0.0,0.0
4,+,0.6684958556449518,0.7213541666666666,0.7213541666666666,-8.789762246401319,-8.789762246401319,735.0,0.0,0.0
4,+,0.6926292800364664,0.7473958333333334,0.7473958333333334,-7.932857435845595,-7.932857435845595,741.0,0.0,0.0
4,+,0.716762704427981,0.7734375,0.7734375,-6.62940619545689,-6.62940619545689,749.0,0.0,0.0
4,+,0.7408961288194955,0.7994791666666667,0.7994791666666667,-4.992206889344243,-4.992206889344243,750.0,0.0,0.0
4,+,0.76502955321101,0.8255208333333334,0.8255208333333334,-2.77198460146605,-2.77198460146605,759.0,0.0,0.0
4,+,0.7891629776025244,0.8515625,0.8515625,0.23352992327988648,0.23352992327988648,764.0,0.0,0.0
4,+,0.813296401994039,0.8776041666666666,0.8776041666666666,2.580955127791554,2.580955127791554,772.0,0.0,0.0
4,+,0.8374298263855535,0.9036458333333334,0.9036458333333334,1.2156758968947576,1.2156758968947576,777.0,0.0,0.0
4,+,0.8615632507770681,0.9296875000000001,0.9296875000000001,-0.25360614840106316,-0.25360614840106316,781.0,0.0,0.0
4,+,0.8856966751685824,0.9557291666666666,0.9557291666666666,-1.3264234653929607,-1.3264234653929607,788.0,0.0,0.0
4,+,0.909830099560097,0.9817708333333334,0.9817708333333334,-1.9981518918672756,-1.9981518918672756,797.0,0.0,0.0
4,+,0.9339635239516116,1.0078125000000002,1.0078125000000002,-2.750576808630444,-2.750576808630444,804.0,0.0,0.0
4,+,0.9580969483431261,1.0338541666666667,1.0338541666666667,-3.3577251541022477,-3.3577251541022477,814.0,0.0,0.0
4,+,0.9822303727346405,1.0598958333333333,1.0598958333333333,-3.5242109183039307,-3.5242109183039307,815.0,0.0,0.0
4,+,1.0063637971261552,1.0859375000000002,1.0859375000000002,-3.347575463145746,-3.347575463145746,827.0,0.0,0.0
4,+,1.0304972215176695,1.1119791666666667,1.1119791666666667,-2.8019593124225417,-2.8019593124225417,835.0,0.0,0.0
4,+,1.0546306459091839,1.1380208333333333,1.1380208333333333,-2.412839856717208,-2.412839856717208,841.0,0.0,0.0
4,+,1.0787640703006987,1.1640625,1.1640625,-2.2364510898021606,-2.2364510898021606,853.0,0.0,0.0
4,+,1.1028974946922132,1.1901041666666667,1.1901041666666667,-2.2449370000921465,-2.2449370000921465,859.0,0.0,0.0
4,+,1.1270309190837278,1.2161458333333335,1.2161458333333335,-2.588779954861351,-2.588779954861351,871.0,0.0,0.0
4,+,1.151164343475242,1.2421875,1.2421875,-2.3248517343826873,-2.3248517343826873,877.0,0.0,0.0
4,+,1.1752977678667567,1.2682291666666667,1.2682291666666667,-2.254084252071922,-2.254084252071922,888.0,0.0,0.0
4,+,1.1994311922582712,1.2942708333333335,1.2942708333333335,-2.1613765098580164,-2.1613765098580164,901.0,0.0,0.0
4,+,1.2235646166497856,1.3203125,1.3203125,-1.8236725226445876,-1.8236725226445876,907.0,0.0,0.0
4,+,1.2476980410413,1.3463541666666667,1.3463541666666667,-1.701426177245739,-1.701426177245739,918.0,0.0,0.0
4,+,1.2718314654328147,1.3723958333333335,1.3723958333333335,-1.1427507004697877,-1.1427507004697877,930.0,0.0,0.0
4,+,1.2959648898243294,1.3984375000000004,1.3984375000000004,-1.2280735387722808,-1.2280735387722808,939.0,0.0,0.0
4,+,1.3200983142158438,1.4244791666666667,1.4244791666666667,-1.0464042728068415,-1.0464042728068415,953.0,0.0,0.0
4,+,1.3442317386073581,1.4505208333333333,1.4505208333333333,-0.9369033828565663,-0.9369033828565663,965.0,0.0,0.0
4,+,1.368365162998873,1.4765625000000002,1.4765625000000002,-0.6321159832176563,-0.6321159832176563,979.0,0.0,0.0
4,+,1.3924985873903872,1.5026041666666667,1.5026041666666667,-0.44971014493304107,-0.44971014493304107,993.0,0.0,0.0
4,+,1.4166320117819016,1.5286458333333333,1.5286458333333333,-0.3334895640279235,-0.3334895640279235,1005.0,0.0,0.0
4,+,1.4407654361734163,1.5546875000000002,1.5546875000000002,-0.11748499875912043,-0.11748499875912043,1013.0,0.0,0.0
4,+,1.4648988605649307,1.5807291666666667,1.5807291666666667,-0.07122429759043832,-0.07122429759043832,1035.0,0.0,0.0
4,+,1.4890322849564452,1.6067708333333335,1.6067708333333335,0.014741855883854104,0.014741855883854104,1044.0,0.0,0.0
4,+,1.5131657093479598,1.6328125,1.6328125,0.4839648076207717,0.4839648076207717,1062.0,0.0,0.0
4,+,1.5372991337394744,1.6588541666666667,1.6588541666666667,1.2329601185343946,1.2329601185343946,1074.0,0.0,0.0
4,+,1.561432558130989,1.6848958333333335,1.6848958333333335,2.0929153235383087,2.0929153235383087,1095.0,0.0,0.0
4,+,1.5855659825225032,1.7109375,1.7109375,2.639156832052988,2.639156832052988,1108.0,0.0,0.0
4,+,1.6096994069140178,1.7369791666666667,1.7369791666666667,4.207113704708625,4.207113704708625,1127.0,0.0,0.0
4,+,1.6338328313055324,1.7630208333333335,1.7630208333333335,6.241074854904071,6.241074854904071,1147.0,0.0,0.0
4,+,1.6579662556970467,1.7890625,1.7890625,8.752199647847888,8.752199647847888,1163.0,0.0,0.0
4,+,1.6820996800885613,1.8151041666666667,1.8151041666666667,10.983048913180395,10.983048913180395,1178.0,0.0,0.0
4,+,1.7062331044800758,1.8411458333333333,1.8411458333333333,11.020725968612593,11.020725968612593,1203.0,0.0,0.0
4,+,1.7303665288715906,1.8671875000000002,1.8671875000000002,9.350788499455664,9.350788499455664,1223.0,0.0,0.0
4,+,1.754499953263105,1.8932291666666667,1.8932291666666667,7.1582917474711065,7.1582917474711065,1242.0,0.0,0.0
4,+,1.7786333776546193,1.9192708333333333,1.9192708333333333,6.266958933051132,6.266958933051132,1267.0,0.0,0.0
4,+,1.802766802046134,1.9453125000000002,1.9453125000000002,5.2211804730887925,5.2211804730887925,1289.0,0.0,0.0
4,+,1.8269002264376484,1.9713541666666667,1.9713541666666667,4.782770530180662,4.782770530180662,1313.0,0.0,0.0
4,+,1.851033650829163,1.9973958333333335,1.9973958333333335,4.241252507581323,4.241252507581323,1340.0,0.0,0.0
4,+,1.8751670752206775,2.0234375,2.0234375,4.442083125487305,4.442083125487305,1356.0,0.0,0.0
4,+,1.8993004996121918,2.0494791666666665,2.0494791666666665,4.005218717999443,4.005218717999443,1393.0,0.0,0.0
4,+,1.9234339240037066,2.0755208333333335,2.0755208333333335,4.227030578121163,4.227030578121163,1407.0,0.0,0.0
4,+,1.9475673483952212,2.1015625000000004,2.1015625000000004,4.360471353956006,4.360471353956006,1445.0,0.0,0.0
4,+,1.9717007727867355,2.127604166666667,2.127604166666667,4.231455711864588,4.231455711864588,1472.0,0.0,0.0
4,+,1.99583419717825,2.1536458333333335,2.1536458333333335,4.665157070805684,4.665157070805684,1504.0,0.0,0.0
4,+,2.019967621569765,2.1796875000000004,2.1796875000000004,4.961123551348455,4.961123551348455,1533.0,0.0,0.0
4,+,2.0441010459612787,2.2057291666666665,2.2057291666666665,5.135613276870416,5.135613276870416,1568.0,0.0,0.0
4,+,2.0682344703527935,2.2317708333333335,2.2317708333333335,5.269165947754589,5.269165947754589,1599.0,0.0,0.0
4,+,2.0923678947443083,2.2578125000000004,2.2578125000000004,5.3733614876756555,5.3733614876756555,1635.0,0.0,0.0
4,+,2.116501319135822,2.2838541666666665,2.2838541666666665,5.824959857518921,5.824959857518921,1674.0,0.0,0.0
4,+,2.140634743527337,2.3098958333333335,2.3098958333333335,5.90400757656577,5.90400757656577,1714.0,0.0,0.0
4,+,2.1647681679188517,2.3359375000000004,2.3359375000000004,6.336918199550754,6.336918199550754,1748.0,0.0,0.0
4,+,2.1889015923103656,2.3619791666666665,2.3619791666666665,6.654339755662459,6.654339755662459,1795.0,0.0,0.0
4,+,2.2130350167018804,2.3880208333333335,2.3880208333333335,6.745140890767263,6.745140890767263,1837.0,0.0,0.0
4,+,2.237168441093395,2.4140625,2.4140625,6.980951892206817,6.980951892206817,1881.0,0.0,0.0
4,+,2.26130186548491,2.440104166666667,2.440104166666667,7.244671993539726,7.244671993539726,1929.0,0.0,0.0
4,+,2.2854352898764243,2.4661458333333335,2.4661458333333335,7.322317646766351,7.322317646766351,1980.0,0.0,0.0
4,+,2.3095687142679386,2.4921875,2.4921875,7.495053524804868,7.495053524804868,2027.0,0.0,0.0
4,+,2.3337021386594534,2.518229166666667,2.518229166666667,7.564041816505382,7.564041816505382,2085.0,0.0,0.0
4,+,2.3578355630509678,2.5442708333333335,2.5442708333333335,7.638826532265434,7.638826532265434,2138.0,0.0,0.0
4,+,2.381968987442482,2.5703125,2.5703125,8.007420371007614,8.007420371007614,2196.0,0.0,0.0
4,+,2.406102411833997,2.596354166666667,2.596354166666667,8.123396006022327,8.123396006022327,2262.0,0.0,0.0
4,+,2.430235836225511,2.6223958333333335,2.6223958333333335,8.367313067987505,8.367313067987505,2323.0,0.0,0.0
4,+,2.4543692606170255,2.6484375,2.6484375,8.598317944009597,8.598317944009597,2405.0,0.0,0.0
4,+,2.4785026850085403,2.674479166666667,2.674479166666667,9.070728238695429,9.070728238695429,2454.0,0.0,0.0
4,+,2.5026361094000547,2.7005208333333335,2.7005208333333335,9.535729792561234,9.535729792561234,2540.0,0.0,0.0
4,+,2.526769533791569,2.7265625,2.7265625,10.089928944948557,10.089928944948557,2615.0,0.0,0.0
4,+,2.5509029581830838,2.752604166666667,2.752604166666667,10.67957087223596,10.67957087223596,2698.0,0.0,0.0
4,+,2.575036382574598,2.7786458333333335,2.7786458333333335,11.255636228336417,11.255636228336417,2778.0,0.0,0.0
4,+,2.5991698069661124,2.8046875,2.8046875,11.239686877915737,11.239686877915737,2873.0,0.0,0.0
4,+,2.623303231357627,2.830729166666667,2.830729166666667,10.860821617715626,10.860821617715626,2969.0,0.0,0.0
4,+,2.6474366557491416,2.856770833333333,2.856770833333333,10.769061965185667,10.769061965185667,3063.0,0.0,0.0
4,+,2.6715700801406563,2.8828125,2.8828125,10.534288286578528,10.534288286578528,3171.0,0.0,0.0
4,+,2.6957035045321707,2.9088541666666665,2.9088541666666665,10.531097141830923,10.531097141830923,3282.0,0.0,0.0
4,+,2.7198369289236854,2.9348958333333335,2.9348958333333335,10.634234497120186,10.634234497120186,3403.0,0.0,0.0
4,+,2.7439703533152002,2.9609375000000004,2.9609375000000004,10.706187725491517,10.706187725491517,3525.0,0.0,0.0
4,+,2.768103777706714,2.9869791666666665,2.9869791666666665,10.788721751695402,10.788721751695402,3654.0,0.0,0.0
7,-,0.4754284605128358,0.5130208333333334,0.5130208333333334,7.084875505151173,7.084875505151173,2671.0,0.0,0.0
7,-,0.4995618849043504,0.5390625,0.5390625,7.266131777276543,7.266131777276543,2649.0,0.0,0.0
7,-,0.5236953092958649,0.5651041666666667,0.5651041666666667,7.223121340114706,7.223121340114706,2626.0,0.0,0.0
7,-,0.5478287336873793,0.5911458333333333,0.5911458333333333,7.4805704325418665,7.4805704325418665,2601.0,0.0,0.0
7,-,0.5719621580788938,0.6171875,0.6171875,7.543753668954443,7.543753668954443,2576.0,0.0,0.0
7,-,0.5960955824704084,0.6432291666666667,0.6432291666666667,7.60698112691522,7.60698112691522,2557.0,0.0,0.0
7,-,0.620229006861923,0.6692708333333334,0.6692708333333334,7.8597892976231325,7.8597892976231325,2519.0,0.0,0.0
7,-,0.6443624312534375,0.6953125000000001,0.6953125000000001,7.925933491783003,7.925933491783003,2499.0,0.0,0.0
7,-,0.6684958556449518,0.7213541666666666,0.7213541666666666,8.192764254827967,8.192764254827967,2467.0,0.0,0.0
7,-,0.6926292800364664,0.7473958333333334,0.7473958333333334,8.303982153843155,8.303982153843155,2435.0,0.0,0.0
7,-,0.716762704427981,0.7734375,0.7734375,8.517368838093734,8.517368838093734,2407.0,0.0,0.0
7,-,0.7408961288194955,0.7994791666666667,0.7994791666666667,8.679755170429255,8.679755170429255,2375.0,0.0,0.0
7,-,0.76502955321101,0.8255208333333334,0.8255208333333334,8.889840215149169,8.889840215149169,2338.0,0.0,0.0
7,-,0.7891629776025244,0.8515625,0.8515625,9.274952465171038,9.274952465171038,2307.0,0.0,0.0
7,-,0.813296401994039,0.8776041666666666,0.8776041666666666,9.718853484810355,9.718853484810355,2269.0,0.0,0.0
7,-,0.8374298263855535,0.9036458333333334,0.9036458333333334,10.223719599830659,10.223719599830659,2233.0,0.0,0.0
7,-,0.8615632507770681,0.9296875000000001,0.9296875000000001,11.031601689550184,11.031601689550184,2199.0,0.0,0.0
7,-,0.8856966751685824,0.9557291666666666,0.9557291666666666,11.790775138941582,11.790775138941582,2154.0,0.0,0.0
7,-,0.909830099560097,0.9817708333333334,0.9817708333333334,12.909551314788718,12.909551314788718,2113.0,0.0,0.0
7,-,0.9339635239516116,1.0078125000000002,1.0078125000000002,13.700429686913754,13.700429686913754,2078.0,0.0,0.0
7,-,0.9580969483431261,1.0338541666666667,1.0338541666666667,13.639516703834387,13.639516703834387,2030.0,0.0,0.0
7,-,0.9822303727346405,1.0598958333333333,1.0598958333333333,13.082243252569436,13.082243252569436,1986.0,0.0,0.0
7,-,1.0063637971261552,1.0859375000000002,1.0859375000000002,12.750295070337085,12.750295070337085,1941.0,0.0,0.0
7,-,1.0304972215176695,1.1119791666666667,1.1119791666666667,12.420516742884272,12.420516742884272,1894.0,0.0,0.0
7,-,1.0546306459091839,1.1380208333333333,1.1380208333333333,12.186831168624746,12.186831168624746,1844.0,0.0,0.0
7,+,0.4754284605128358,0.5130208333333334,0.5130208333333334,4.474325854099836,4.474325854099836,816.0,0.0,0.0
7,+,0.4995618849043504,0.5390625,0.5390625,4.487277022647482,4.487277022647482,795.0,0.0,0.0
7,+,0.5236953092958649,0.5651041666666667,0.5651041666666667,4.538311166425554,4.538311166425554,769.0,0.0,0.0
7,+,0.5478287336873793,0.5911458333333333,0.5911458333333333,4.662026262362572,4.662026262362572,750.0,0.0,0.0
7,+,0.5719621580788938,0.6171875,0.6171875,4.696392016152158,4.696392016152158,723.0,0.0,0.0
7,+,0.5960955824704084,0.6432291666666667,0.6432291666666667,4.771800400733783,4.771800400733783,694.0,0.0,0.0
7,+,0.620229006861923,0.6692708333333334,0.6692708333333334,4.933909374010115,4.933909374010115,670.0,0.0,0.0
7,+,0.6443624312534375,0.6953125000000001,0.6953125000000001,4.811199013158327,4.811199013158327,642.0,0.0,0.0
7,+,0.6684958556449518,0.7213541666666666,0.7213541666666666,4.920628175566575,4.920628175566575,613.0,0.0,0.0
7,+,0.6926292800364664,0.7473958333333334,0.7473958333333334,5.074568974204837,5.074568974204837,581.0,0.0,0.0
7,+,0.716762704427981,0.7734375,0.7734375,5.041379743816741,5.041379743816741,552.0,0.0,0.0
7,+,0.7408961288194955,0.7994791666666667,0.7994791666666667,5.17246401285055,5.17246401285055,521.0,0.0,0.0
7,+,0.76502955321101,0.8255208333333334,0.8255208333333334,5.347836058767253,5.347836058767253,487.0,0.0,0.0
7,+,0.7891629776025244,0.8515625,0.8515625,5.367693156336304,5.367693156336304,452.0,0.0,0.0
7,+,0.813296401994039,0.8776041666666666,0.8776041666666666,5.374004736188885,5.374004736188885,418.0,0.0,0.0
7,+,0.8374298263855535,0.9036458333333334,0.9036458333333334,5.559334403322807,5.559334403322807,383.0,0.0,0.0
7,+,0.8615632507770681,0.9296875000000001,0.9296875000000001,5.508939192125908,5.508939192125908,343.0,0.0,0.0
7,+,0.8856966751685824,0.9557291666666666,0.9557291666666666,5.6321265589202865,5.6321265589202865,306.0,0.0,0.0
7,+,0.909830099560097,0.9817708333333334,0.9817708333333334,5.644878226888831,5.644878226888831,266.0,0.0,0.0
7,+,0.9339635239516116,1.0078125000000002,1.0078125000000002,5.782358001108457,5.782358001108457,225.0,0.0,0.0
7,+,0.9580969483431261,1.0338541666666667,1.0338541666666667,5.813058468034732,5.813058468034732,182.0,0.0,0.0
7,+,0.9822303727346405,1.0598958333333333,1.0598958333333333,5.996513249249918,5.996513249249918,139.0,0.0,0.0
7,+,1.0063637971261552,1.0859375000000002,1.0859375000000002,6.199205915775975,6.199205915775975,92.0,0.0,0.0
7,+,1.0304972215176695,1.1119791666666667,1.1119791666666667,8.704692363406359,8.704692363406359,46.0,0.0,0.0
7,+,1.0546306459091839,1.1380208333333333,1.1380208333333333,6.346353073502213,6.346353073502213,5.0,0.0,0.0
0,qz,0.3160910248314759,0.3410845046872278,0.3410845046872278,64.76460968972074,64.76460968972074,53.0,0.0,0.0
0,qz,0.33008657079717424,0.3561866856684265,0.3561866856684265,68.1818388936174,68.1818388936174,49.0,0.0,0.0
0,qz,0.3440821167628726,0.37128886664962524,0.37128886664962524,61.105130303665334,61.105130303665334,50.0,0.0,0.0
0,qz,0.358077662728571,0.386391047630824,0.386391047630824,57.761951676164436,57.761951676164436,77.0,0.0,0.0
0,qz,0.37207320869426935,0.4014932286120227,0.4014932286120227,56.90181024080742,56.90181024080742,81.0,0.0,0.0
0,qz,0.3860687546599677,0.41659540959322144,0.41659540959322144,55.44602296107815,55.44602296107815,55.0,0.0,0.0
0,qz,0.4000643006256661,0.4316975905744202,0.4316975905744202,55.04722994008587,55.04722994008587,86.0,0.0,0.0
0,qz,0.4140598465913645,0.446799771555619,0.446799771555619,57.77494182785054,57.77494182785054,58.0,0.0,0.0
0,qz,0.4280553925570628,0.46190195253681765,0.46190195253681765,55.23070435680027,55.23070435680027,92.0,0.0,0.0
0,qz,0.4420509385227612,0.47700413351801646,0.47700413351801646,56.36871652217443,56.36871652217443,94.0,0.0,0.0
0,qz,0.45604648448845964,0.4921063144992152,0.4921063144992152,57.583521575595775,57.583521575595775,65.0,0.0,0.0
0,qz,0.47004203045415793,0.5072084954804138,0.5072084954804138,53.87487242862559,53.87487242862559,99.0,0.0,0.0
0,qz,0.48403757641985634,0.5223106764616126,0.5223106764616126,54.54760479953638,54.54760479953638,103.0,0.0,0.0
0,qz,0.49803312238555475,0.5374128574428114,0.5374128574428114,53.8624824685003,53.8624824685003,70.0,0.0,0.0
0,qz,0.5120286683512532,0.5525150384240102,0.5525150384240102,55.802671691405486,55.802671691405486,108.0,0.0,0.0
0,qz,0.5260242143169515,0.5676172194052088,0.5676172194052088,59.502790865500934,59.502790865500934,111.0,0.0,0.0
0,qz,0.5400197602826498,0.5827194003864075,0.5827194003864075,58.75976287774699,58.75976287774699,76.0,0.0,0.0
0,qz,0.5540153062483482,0.5978215813676062,0.5978215813676062,58.61312978847637,58.61312978847637,117.0,0.0,0.0
0,qz,0.5680108522140466,0.6129237623488051,0.6129237623488051,56.66629531132175,56.66629531132175,119.0,0.0,0.0
0,qz,0.582006398179745,0.6280259433300038,0.6280259433300038,54.48060542335192,54.48060542335192,123.0,0.0,0.0
0,qz,0.5960019441454434,0.6431281243112026,0.6431281243112026,52.759047458123476,52.759047458123476,83.0,0.0,0.0
0,qz,0.6099974901111417,0.6582303052924012,0.6582303052924012,52.209065846608574,52.209065846608574,129.0,0.0,0.0
0,qz,0.62399303607684,0.6733324862735999,0.6733324862735999,55.54154610226463,55.54154610226463,131.0,0.0,0.0
0,qz,0.6379885820425384,0.6884346672547987,0.6884346672547987,56.23195664665998,56.23195664665998,135.0,0.0,0.0
0,qz,0.6519841280082368,0.7035368482359975,0.7035368482359975,55.53491545737076,55.53491545737076,91.0,0.0,0.0
0,qz,0.6659796739739352,0.7186390292171962,0.7186390292171962,53.05836134948851,53.05836134948851,140.0,0.0,0.0
0,qz,0.6799752199396336,0.733741210198395,0.733741210198395,54.4841871522449,54.4841871522449,142.0,0.0,0.0
0,qz,0.6939707659053319,0.7488433911795938,0.7488433911795938,54.18488708955927,54.18488708955927,147.0,0.0,0.0
0,qz,0.7079663118710302,0.7639455721607924,0.7639455721607924,58.21984375234178,58.21984375234178,99.0,0.0,0.0
0,qz,0.7219618578367286,0.7790477531419912,0.7790477531419912,63.050540665574914,63.050540665574914,152.0,0.0,0.0
0,qz,0.735957403802427,0.7941499341231899,0.7941499341231899,63.54915287797872,63.54915287797872,154.0,0.0,0.0
0,qz,0.7499529497681254,0.8092521151043887,0.8092521151043887,70.7974615408759,70.7974615408759,158.0,0.0,0.0
0,qz,0.7639484957338238,0.8243542960855875,0.8243542960855875,76.86365730902914,76.86365730902914,135.0,0.0,0.0
0,qz,0.7779440416995221,0.8394564770667862,0.8394564770667862,105.30953367893537,105.30953367893537,135.0,0.0,0.0
0,qz,0.7919395876652204,0.8545586580479848,0.8545586580479848,129.7808494807201,129.7808494807201,166.0,0.0,0.0
0,qz,0.8059351336309188,0.8696608390291836,0.8696608390291836,210.5904663660423,210.5904663660423,170.0,0.0,0.0
0,qz,0.8199306795966173,0.8847630200103823,0.8847630200103823,662.1696505025861,662.1696505025861,172.0,0.0,0.0
0,qz,0.8339262255623157,0.8998652009915812,0.8998652009915812,3559.430366036016,3559.430366036016,176.0,0.0,0.0
0,qz,0.8479217715280141,0.9149673819727799,0.9149673819727799,6609.278526391533,6609.278526391533,128.0,0.0,0.0
0,qz,0.8619173174937124,0.9300695629539786,0.9300695629539786,5968.8508731488955,5968.8508731488955,172.0,0.0,0.0
0,qz,0.8759128634594108,0.9451717439351773,0.9451717439351773,1622.220497859609,1622.220497859609,184.0,0.0,0.0
0,qz,0.8899084094251091,0.960273924916376,0.960273924916376,238.32626058299223,238.32626058299223,188.0,0.0,0.0
0,qz,0.9039039553908075,0.9753761058975748,0.9753761058975748,72.59939845635702,72.59939845635702,190.0,0.0,0.0
0,qz,0.9178995013565059,0.9904782868787736,0.9904782868787736,40.373126009469566,40.373126009469566,194.0,0.0,0.0
0,qz,0.9318950473222043,1.0055804678599725,1.0055804678599725,30.34453938715635,30.34453938715635,196.0,0.0,0.0
0,qz,0.9458905932879026,1.020682648841171,1.020682648841171,27.08455759565814,27.08455759565814,201.0,0.0,0.0
0,qz,0.959886139253601,1.03578482982237,1.03578482982237,22.510752426969702,22.510752426969702,160.0,0.0,0.0
0,qz,0.9738816852192993,1.0508870108035686,1.0508870108035686,20.206600669976723,20.206600669976723,186.0,0.0,0.0
0,qz,0.9878772311849977,1.0659891917847673,1.0659891917847673,16.56666737384727,16.56666737384727,203.0,0.0,0.0
0,qz,1.0018727771506961,1.0810913727659661,1.0810913727659661,16.414276268686837,16.414276268686837,212.0,0.0,0.0
0,qz,1.0158683231163945,1.096193553747165,1.096193553747165,14.49288319062581,14.49288319062581,214.0,0.0,0.0
0,qz,1.029863869082093,1.1112957347283636,1.1112957347283636,13.630932175428883,13.630932175428883,219.0,0.0,0.0
0,qz,1.0438594150477913,1.1263979157095625,1.1263979157095625,14.271797535690265,14.271797535690265,221.0,0.0,0.0
0,qz,1.0578549610134895,1.141500096690761,1.141500096690761,13.610432387486927,13.610432387486927,225.0,0.0,0.0
0,qz,1.071850506979188,1.1566022776719598,1.1566022776719598,14.346795365811296,14.346795365811296,227.0,0.0,0.0
0,qz,1.0858460529448863,1.1717044586531586,1.1717044586531586,14.227613101959292,14.227613101959292,231.0,0.0,0.0
0,qz,1.0998415989105848,1.1868066396343573,1.1868066396343573,13.118886705591446,13.118886705591446,234.0,0.0,0.0
0,qz,1.113837144876283,1.201908820615556,1.201908820615556,13.269264635975759,13.269264635975759,237.0,0.0,0.0
0,qz,1.1278326908419813,1.2170110015967546,1.2170110015967546,13.349278529103135,13.349278529103135,241.0,0.0,0.0
0,qz,1.1418282368076798,1.2321131825779534,1.2321131825779534,12.065865752869765,12.065865752869765,243.0,0.0,0.0
0,qz,1.1558237827733782,1.2472153635591523,1.2472153635591523,13.177595473733554,13.177595473733554,247.0,0.0,0.0
0,qz,1.1698193287390766,1.262317544540351,1.262317544540351,13.747364348245702,13.747364348245702,249.0,0.0,0.0
0,qz,1.183814874704775,1.2774197255215498,1.2774197255215498,12.677079099254115,12.677079099254115,256.0,0.0,0.0
0,qz,1.1978104206704734,1.2925219065027487,1.2925219065027487,11.32827090723547,11.32827090723547,261.0,0.0,0.0
0,qz,1.2118059666361718,1.3076240874839473,1.3076240874839473,12.579879081164572,12.579879081164572,275.0,0.0,0.0
0,qz,1.22580151260187,1.322726268465146,1.322726268465146,13.340278895632283,13.340278895632283,285.0,0.0,0.0
0,qz,1.2397970585675684,1.3378284494463446,1.3378284494463446,12.358459300970399,12.358459300970399,309.0,0.0,0.0
0,qz,1.2537926045332668,1.3529306304275435,1.3529306304275435,11.883962030798473,11.883962030798473,270.0,0.0,0.0
0,qz,1.2677881504989652,1.3680328114087423,1.3680328114087423,12.255201430174253,12.255201430174253,273.0,0.0,0.0
0,qz,1.2817836964646634,1.3831349923899408,1.3831349923899408,12.930460556859042,12.930460556859042,276.0,0.0,0.0
0,qz,1.2957792424303618,1.3982371733711396,1.3982371733711396,12.797369369950305,12.797369369950305,281.0,0.0,0.0
0,qz,1.3097747883960602,1.4133393543523383,1.4133393543523383,14.187046994633297,14.187046994633297,298.0,0.0,0.0
0,qz,1.3237703343617586,1.4284415353335371,1.4284415353335371,13.949467117617894,13.949467117617894,319.0,0.0,0.0
0,qz,1.337765880327457,1.443543716314736,1.443543716314736,14.785198263009079,14.785198263009079,336.0,0.0,0.0
0,qz,1.3517614262931554,1.4586458972959346,1.4586458972959346,19.506847537004656,19.506847537004656,292.0,0.0,0.0
0,qz,1.3657569722588538,1.4737480782771335,1.4737480782771335,23.960384867958105,23.960384867958105,300.0,0.0,0.0
0,qz,1.379752518224552,1.488850259258332,1.488850259258332,23.829090484057232,23.829090484057232,324.0,0.0,0.0
0,qz,1.3937480641902504,1.5039524402395308,1.5039524402395308,19.847604623518762,19.847604623518762,371.0,0.0,0.0
0,qz,1.4077436101559488,1.5190546212207297,1.5190546212207297,15.402725256623897,15.402725256623897,313.0,0.0,0.0
0,qz,1.4217391561216473,1.5341568022019283,1.5341568022019283,14.038369157565228,14.038369157565228,316.0,0.0,0.0
0,qz,1.4357347020873457,1.5492589831831272,1.5492589831831272,12.339366001894225,12.339366001894225,351.0,0.0,0.0
0,qz,1.449730248053044,1.5643611641643258,1.5643611641643258,12.599520728468807,12.599520728468807,378.0,0.0,0.0
0,qz,1.4637257940187425,1.5794633451455247,1.5794633451455247,11.965301440375356,11.965301440375356,325.0,0.0,0.0
0,qz,1.4777213399844407,1.5945655261267233,1.5945655261267233,11.81028803035751,11.81028803035751,361.0,0.0,0.0
0,qz,1.491716885950139,1.609667707107922,1.609667707107922,11.436354966920247,11.436354966920247,395.0,0.0,0.0
0,qz,1.5057124319158375,1.6247698880891208,1.6247698880891208,10.419291852362475,10.419291852362475,343.0,0.0,0.0
0,qz,1.5197079778815359,1.6398720690703195,1.6398720690703195,11.188113826715687,11.188113826715687,381.0,0.0,0.0
0,qz,1.5337035238472343,1.6549742500515183,1.6549742500515183,9.28211845944489,9.28211845944489,394.0,0.0,0.0
0,qz,1.5476990698129325,1.670076431032717,1.670076431032717,9.995393135121706,9.995393135121706,376.0,0.0,0.0
0,qz,1.561694615778631,1.6851786120139156,1.6851786120139156,8.491877552820917,8.491877552820917,425.0,0.0,0.0
0,qz,1.5756901617443293,1.7002807929951145,1.7002807929951145,7.951377133145928,7.951377133145928,375.0,0.0,0.0
0,qz,1.5896857077100277,1.7153829739763131,1.7153829739763131,9.579712257835038,9.579712257835038,427.0,0.0,0.0
0,qz,1.6036812536757261,1.730485154957512,1.730485154957512,7.593382303073833,7.593382303073833,396.0,0.0,0.0
0,qz,1.6176767996414245,1.7455873359387108,1.7455873359387108,8.243945770562815,8.243945770562815,432.0,0.0,0.0
0,qz,1.631672345607123,1.7606895169199095,1.7606895169199095,6.886865595984093,6.886865595984093,389.0,0.0,0.0
0,qz,1.6456678915728211,1.7757916979011081,1.7757916979011081,5.7348357025527426,5.7348357025527426,287.0,0.0,0.0
