X,Measured,X,Model
0.61564722658,19.1750580942,0.61564722658,26.0283121813
0.632702764588,18.4635466743,0.632702764588,19.5536364644
0.649836818435,12.2401803739,0.649836818435,13.6867981716
0.667048651394,13.9615306242,0.667048651394,11.8126368182
0.684337526741,12.51358416,0.684337526741,11.3718715024
0.701702707747,13.57237914,0.701702707747,12.5877962009
0.719143457686,15.8029998598,0.719143457686,15.0303537485
0.736659039833,15.8810180909,0.736659039833,19.3653177417
0.75424871746,19.6193113706,0.75424871746,26.1654549037
0.771911753841,23.1448705603,0.771911753841,36.8082034021
0.78964741225,29.9517241669,0.78964741225,53.3810161619
0.807454955961,39.0766158301,0.807454955961,79.0590089851
0.825333648246,61.3861288265,0.825333648246,116.925813702
0.84328275238,104.459566415,0.84328275238,165.238141372
0.861301531635,177.194267599,0.861301531635,212.904819595
0.879389249287,251.319465601,0.879389249287,237.740529761
0.897545168607,283.612018278,0.897545168607,223.624110588
0.915874172352,228.054599916,0.915874172352,177.842148616
0.934500969695,155.875446689,0.934500969695,126.402223873
0.953377314599,107.346602004,0.953377314599,85.8796599469
0.972453520685,75.8746078219,0.972453520685,58.8862675447
0.991679901572,63.3973211842,0.991679901572,41.9289275055
1.01100677088,61.7064885503,1.01100677088,31.3346402896
1.03038444223,59.9894198435,1.03038444223,25.576256657
1.04976322925,61.9423578419,1.04976322925,24.1291988927
1.06909344555,63.7908187446,1.06909344555,26.2699415756
1.08832540475,77.4986429186,1.08832540475,34.7806367466
1.10740942047,94.598483448,1.10740942047,52.9250279144
1.12629580634,126.020952916,1.12629580634,76.9731296816
1.14493487597,178.593228447,1.14493487597,105.048626224
1.16327694299,257.374574649,1.16327694299,155.937086239
1.18127232102,366.713806524,1.18127232102,261.811696998
1.19887132367,436.112144033,1.19887132367,384.295002866
1.21614144922,404.308478039,1.21614144922,389.06327824
1.23320045641,287.849529272,1.23320045641,271.903939463
1.25006182945,178.329741137,1.25006182945,137.49872246
1.26673901383,108.310490422,1.26673901383,61.0319855903
1.28324545507,66.0487194992,1.28324545507,28.0893641325
1.29959459869,47.0435022924,1.29959459869,15.7428772767
1.31579989019,36.9989800648,1.31579989019,10.5076963318
1.33187477509,31.3814789907,1.33187477509,7.90756219883
1.34783269889,28.3610203338,1.34783269889,6.628868774
1.36368710711,23.3130488155,1.36368710711,6.3637969914
1.37945144525,23.2041175213,1.37945144525,7.17542355658
1.39513915882,22.4876128252,1.39513915882,9.96734750618
1.41076369335,26.6338250252,1.41076369335,17.054653606
1.42633849433,30.8895355032,1.42633849433,32.5073779816
1.44187700727,45.8292843918,1.44187700727,56.5370467692
1.4573926777,60.6421768879,1.4573926777,81.5148991562
1.47289895111,89.9606161305,1.47289895111,97.3264959029
1.48840927303,107.343786979,1.48840927303,91.0753770616
1.50393335661,110.148323958,1.50393335661,71.5598178834
1.51942764184,88.4195279569,1.51942764184,51.0454060352
1.53487527767,59.2088617218,1.53487527767,35.2131082849
1.55027545472,44.7937502216,1.55027545472,25.6010592837
1.56562736362,34.4381355695,1.56562736362,18.7944105779
1.580930195,27.2244985568,1.580930195,14.5898340931
1.59618313948,22.4956964702,1.59618313948,12.643417361
1.6113853877,19.5309894032,1.6113853877,12.3902940078
1.62653613027,18.2941363366,1.62653613027,13.5284875443
1.64163455783,18.9710737552,1.64163455783,15.9492477959
1.656679861,18.9329672231,1.656679861,19.7846306581
1.67167123041,21.7162081898,1.67167123041,25.46081032
1.68660785669,22.2840022114,1.68660785669,33.5687102172
1.70148893046,27.0952316379,1.70148893046,44.7002107058
1.71631364235,33.601440612,1.71631364235,59.069357933
1.73108118299,48.3355454668,1.73108118299,76.0727955532
1.745790743,69.8304857601,1.745790743,93.7763557298
1.76044151302,97.4079302563,1.76044151302,109.013479426
1.77503268366,128.907848141,1.77503268366,118.286590554
1.78956344556,156.332140935,1.78956344556,119.13465417
1.80403808205,158.81826224,1.80403808205,111.295564205
1.81850980723,142.695524556,1.81850980723,96.8613597879
1.83298567374,110.570607724,1.83298567374,79.2724507807
1.84745642614,72.5113092713,1.84745642614,61.7883137632
1.86191280899,42.7238262314,1.86191280899,46.5894306542
1.87634556685,28.0187466088,1.87634556685,34.5565356484
1.89074544429,18.9231831885,1.89074544429,25.6151733241
1.90510318587,14.0286148616,1.90510318587,19.2297180232
1.91940953617,14.4598739045,1.91940953617,14.7671587772
1.93365523973,12.5281836239,1.93365523973,11.6666157422
1.94783104113,13.2830446809,1.94783104113,9.53153328734
1.96192768492,9.58625860247,1.96192768492,8.11047492037
1.97593591568,10.3574310619,1.97593591568,7.26251018371
1.98984647797,11.854140457,1.98984647797,6.92506303532
2.00365011636,12.6040545156,2.00365011636,7.22693830668
2.0173375754,10.772724053,2.0173375754,8.1641231187
2.03089959966,11.5528016944,2.03089959966,10.124370644
2.0443269337,12.1361325703,2.0443269337,13.1106386789
2.05761032209,18.434592751,2.05761032209,17.0884251137
2.0707405094,20.5167698986,2.0707405094,21.438599261
2.08370824019,23.0309227342,2.08370824019,25.2583602259
2.09650425901,24.0519581997,2.09650425901,27.5138390729
2.1091588757,23.3933072403,2.1091588757,27.0249308042
2.12173938395,21.7153334289,2.12173938395,24.1779305729
2.13424566302,16.67249902,2.13424566302,19.5106375645
2.14667609255,12.7180672772,2.14667609255,14.3531270947
2.15902905217,10.5439073586,2.15902905217,9.77182810682
2.17130292155,9.95117688847,2.17130292155,6.69446706051
2.18349608032,9.39222608449,2.18349608032,4.30109705257
2.19560690812,6.42416713217,2.19560690812,3.0943433227
2.2076337846,8.98185438205,2.2076337846,2.68068605726
2.21957508941,8.81579285677,2.21957508941,2.30166124994
2.23142920219,10.7755963051,2.23142920219,2.27435834972
2.24319450259,8.94925390104,2.24319450259,2.47867301841
2.25486937024,12.1222079775,2.25486937024,2.57872037114
2.2664521848,14.8775901801,2.2664521848,3.58391790251
2.2779413259,10.5044469891,2.2779413259,4.74507778546
2.2893351732,11.0948926039,2.2893351732,7.52289178528
2.30063210633,16.6945401106,2.30063210633,12.4641702334
2.31183050495,22.6259995763,2.31183050495,19.8262594941
2.32292874869,26.5487464662,2.32292874869,31.058494708
2.33392521721,37.0038740724,2.33392521721,45.2679970619
2.34481829014,51.7943201175,2.34481829014,59.6888913691
2.35560634713,70.839555771,2.35560634713,74.0808331864
2.36628776782,91.916839007,2.36628776782,85.2891978659
2.37686093187,113.286272412,2.37686093187,90.7953745793
2.3873242189,128.227621274,2.3873242189,87.4956975512
2.39767600858,133.475151791,2.39767600858,78.4849003437
