branch,bin,x,x_unit,net_measured_counts_per_pixel_area,net_model_counts_per_pixel_area,uncertainty_scale_counts_per_pixel_area,normalizing_pixel_area
m1_minus,0,0.10000000000000001,L_reciprocal_lattice_units,nan,nan,nan,0
m1_minus,1,0.30000000000000004,L_reciprocal_lattice_units,nan,nan,nan,0
m1_minus,2,0.5,L_reciprocal_lattice_units,nan,nan,nan,0
m1_minus,3,0.70000000000000007,L_reciprocal_lattice_units,nan,nan,nan,0
m1_minus,4,0.90000000000000002,L_reciprocal_lattice_units,nan,nan,nan,0
m1_minus,5,1.1000000000000001,L_reciprocal_lattice_units,nan,nan,nan,0
m1_minus,6,1.3000000000000003,L_reciprocal_lattice_units,nan,nan,nan,0
m1_minus,7,1.5,L_reciprocal_lattice_units,nan,nan,nan,0
m1_minus,8,1.7000000000000002,L_reciprocal_lattice_units,-0.5101058566145672,0.11079394090595023,1.9068073308444971,98.081681992072632
m1_minus,9,1.8999999999999999,L_reciprocal_lattice_units,-0.46773864565824874,0.78320269747612203,1.518371653011882,673.79804409819417
m1_minus,10,2.1000000000000001,L_reciprocal_lattice_units,1.2785529434993932,0.76895684698231204,1.489359852613332,794.98999059923597
m1_minus,11,2.3000000000000003,L_reciprocal_lattice_units,3.4356279498572424,0.44482310973321265,1.4606135099287194,821.83063281844125
m1_minus,12,2.5,L_reciprocal_lattice_units,3.7616785868329483,0.52923947174283392,1.431913480731057,833.74817829296035
m1_minus,13,2.7000000000000002,L_reciprocal_lattice_units,3.3878826956107106,0.67317313201301776,1.4041318415269683,841.63145396702214
m1_minus,14,2.9000000000000004,L_reciprocal_lattice_units,3.9819311136135966,0.87500352217681554,1.3779656039142423,848.16355136447476
m1_minus,15,3.1000000000000001,L_reciprocal_lattice_units,3.5424302519928696,1.0798980028877891,1.3526394137163753,854.2624064885473
m1_minus,16,3.3000000000000003,L_reciprocal_lattice_units,3.2721236819500206,1.3409329629429068,1.328768879805613,860.31455736572661
m1_minus,17,3.5,L_reciprocal_lattice_units,3.3654066912894178,1.6135466213741265,1.306539781413671,866.50927502171851
m1_minus,18,3.7000000000000002,L_reciprocal_lattice_units,3.6205877097867347,1.9831696139686046,1.2857808148517353,872.95140591808547
m1_minus,19,3.9000000000000004,L_reciprocal_lattice_units,6.7292807629833291,5.0034684167472809,1.2677066413897686,879.70584282313143
m1_minus,20,4.0999999999999996,L_reciprocal_lattice_units,7.589858711919347,5.6561445093716456,1.2500442993139032,886.81718964320487
m1_minus,21,4.3000000000000007,L_reciprocal_lattice_units,5.5159199341009115,3.8543289008511508,1.2324574987008898,894.31927876509974
m1_minus,22,4.5,L_reciprocal_lattice_units,10.921305992978541,6.108325081786468,1.2193968593899003,902.24013145053789
m1_minus,23,4.7000000000000011,L_reciprocal_lattice_units,28.461299918412017,15.082676086570409,1.2125100088733736,910.60471361853206
m1_minus,24,4.9000000000000004,L_reciprocal_lattice_units,436.75241267771048,422.1716481743178,1.3636351459298925,919.43655870826296
m1_minus,25,5.0999999999999996,L_reciprocal_lattice_units,525.15911380665295,367.19829345817459,1.385930561414876,928.7587791503463
m1_minus,26,5.3000000000000007,L_reciprocal_lattice_units,30.551844329805892,14.017637270695637,1.1759665724684829,938.5947348484666
m1_minus,27,5.5,L_reciprocal_lattice_units,9.9822397856879057,4.4053140201122147,1.1561139870145527,948.96850368990965
m1_minus,28,5.7000000000000011,L_reciprocal_lattice_units,5.8706863501424165,2.7451498493631594,1.1436480157950615,959.9052359296569
m1_minus,29,5.9000000000000004,L_reciprocal_lattice_units,4.585431449216415,2.0342458430750101,1.1327689883548655,971.43144055786536
m1_minus,30,6.0999999999999996,L_reciprocal_lattice_units,3.6459578703168294,1.6020603588397189,1.1221816904337201,983.57523308926841
m1_minus,31,6.3000000000000007,L_reciprocal_lattice_units,2.7611789931439166,1.1741106154046248,1.1116280365048694,996.36656356795822
m1_minus,32,6.5,L_reciprocal_lattice_units,1.8998024528671138,0.65743794114346732,1.1009870187951993,1009.8374373722306
m1_minus,33,6.7000000000000011,L_reciprocal_lattice_units,1.8156396193284101,0.28472161891370507,1.0904374864236726,1024.02213773157
m1_minus,34,6.9000000000000004,L_reciprocal_lattice_units,1.2873363484329181,0.24260689685614489,1.0793141793244263,1038.9574566961307
m1_minus,35,7.0999999999999996,L_reciprocal_lattice_units,1.3397019799810153,0.2421244197735016,1.0680227061092453,1054.6829400460501
m1_minus,36,7.3000000000000007,L_reciprocal_lattice_units,1.1005132831348987,0.25872874124888406,1.0560160886694805,1071.2411509610697
m1_minus,37,7.5,L_reciprocal_lattice_units,1.5021398575752303,0.32460428346626696,1.0436375291266924,1088.6779569975056
m1_minus,38,7.7000000000000011,L_reciprocal_lattice_units,1.9619232760014647,0.94063415320938748,1.0305999125592666,1107.0428449264116
m1_minus,39,7.9000000000000004,L_reciprocal_lattice_units,9.7715454979511271,9.5417785233203301,1.0199041542325888,1126.3892682117587
m1_minus,40,8.1000000000000014,L_reciprocal_lattice_units,10.278850007345042,8.6405130405328983,1.0053471543316759,1146.7750323167054
m1_minus,41,8.3000000000000007,L_reciprocal_lattice_units,1.1579338353735784,0.77367151170335058,0.98595097497292639,1168.2627236076353
m1_minus,42,8.5,L_reciprocal_lattice_units,1.0239367953215914,0.2862911893677641,0.96951120711011818,1190.9201883824348
m1_minus,43,8.6999999999999993,L_reciprocal_lattice_units,1.407978940729909,0.3270653253737002,0.95252137115789393,1214.8210694940915
m1_minus,44,8.9000000000000004,L_reciprocal_lattice_units,1.8143124781075284,0.49497226114540327,0.93477032160697293,1240.0454092007999
m1_minus,45,9.1000000000000014,L_reciprocal_lattice_units,2.8326056083793856,0.85623113790775984,0.91661145664512611,1266.6803282831086
m1_minus,46,9.3000000000000007,L_reciprocal_lattice_units,2.4964095063354161,1.4636296078562021,0.89722035957992952,1294.8207931766503
m1_minus,47,9.5,L_reciprocal_lattice_units,4.8460622524490429,2.8649807366341906,0.87845143272527959,1324.570484940476
m1_minus,48,9.7000000000000011,L_reciprocal_lattice_units,17.809479189049945,23.700717542924291,0.86357673863215467,1356.0427863935438
m1_minus,49,9.9000000000000004,L_reciprocal_lattice_units,207.72732455028191,187.67516148831433,0.91854975942691475,1389.3619068149974
m1_minus,50,10.100000000000001,L_reciprocal_lattice_units,229.16816383419484,189.71404423935516,0.90615768815317865,1424.6641673459928
m1_minus,51,10.300000000000001,L_reciprocal_lattice_units,18.55960330052271,21.194121160997597,0.80205165234820852,1462.0994748299011
m1_minus,52,10.5,L_reciprocal_lattice_units,5.09234921146028,4.6488904314197432,0.77598230283913061,1501.8330175035208
m1_minus,53,10.700000000000001,L_reciprocal_lattice_units,5.0862592187979692,6.1106258124871315,0.75568382358928676,1544.0472229974891
m1_minus,54,10.9,L_reciprocal_lattice_units,27.377195676772381,25.558826632181422,0.74505950069078075,1588.9440279034723
m1_minus,55,11.100000000000001,L_reciprocal_lattice_units,29.331114488498763,23.337004065627951,0.72655265170967576,1636.7475192206748
m1_minus,56,11.300000000000001,L_reciprocal_lattice_units,3.6855576047223555,3.3157799422948329,0.69731065193899344,1687.7070219840864
m1_minus,57,11.5,L_reciprocal_lattice_units,1.531505757898626,0.73570431690231286,0.67858624273153867,1742.1007252041977
m1_minus,58,11.700000000000001,L_reciprocal_lattice_units,1.4806870070988483,0.54563808822088089,0.6615722309180071,1800.2399611446724
m1_minus,59,11.9,L_reciprocal_lattice_units,1.2650822076424391,0.48774921935546273,0.64534916940687126,1862.4742826197814
m1_minus,60,12.100000000000001,L_reciprocal_lattice_units,1.4545347208042734,0.4559623865504705,0.63010811957113688,1929.1975217401082
m1_minus,61,12.300000000000001,L_reciprocal_lattice_units,1.4951922828819466,0.2651234147437207,0.61556249317824263,2000.8550646557303
m1_minus,62,12.5,L_reciprocal_lattice_units,1.3846081899803051,0.30986485228056776,0.60155172477300911,2077.9526449859345
m1_minus,63,12.700000000000001,L_reciprocal_lattice_units,2.0904049871318273,1.5412907609987179,0.5882430040515918,2161.0670504721234
m1_minus,64,12.9,L_reciprocal_lattice_units,9.927687188383663,8.686983062850528,0.57775802258469799,2250.8592627049202
m1_minus,65,13.100000000000001,L_reciprocal_lattice_units,9.6345563291591354,8.5692943828097956,0.56399106427082613,2348.0907230107387
m1_minus,66,13.300000000000001,L_reciprocal_lattice_units,1.5690067262819898,1.2315863572540144,0.54693286572517197,2453.6436605417234
m1_minus,67,13.5,L_reciprocal_lattice_units,0.87324460352450539,0.25048292740186912,0.53188684825474175,2568.5467647693763
m1_minus,68,13.700000000000001,L_reciprocal_lattice_units,0.82258130923635886,0.13174570495734333,0.51616314216004544,2694.0079864271265
m1_minus,69,13.9,L_reciprocal_lattice_units,1.193536058431409,0.15509522286632502,0.49965842815270445,2831.4569926668914
m1_minus,70,14.100000000000001,L_reciprocal_lattice_units,1.0188277303724775,0.14587512394084232,0.48226749250759599,2982.6009222525336
m1_minus,71,14.300000000000001,L_reciprocal_lattice_units,0.5091991907741088,0.049322851166082309,0.4646470288169976,3149.4988193196455
m1_minus,72,14.5,L_reciprocal_lattice_units,0.32088649063089297,0.036858139658482655,0.44809560816442279,3334.6628788964008
m1_minus,73,14.700000000000001,L_reciprocal_lattice_units,0.24925991948844239,0.036715984700622144,0.4342243619568989,3541.1991555320674
m1_minus,74,14.9,L_reciprocal_lattice_units,0.16100107530224722,0.03894760713478692,0.42537183523836608,3773.0080687011682
m1_minus,75,15.100000000000001,L_reciprocal_lattice_units,0.026414302947888119,0.044254342272568178,0.42459898832041054,4035.0786627063676
m1_minus,76,15.300000000000001,L_reciprocal_lattice_units,0.13754165738640861,0.062886864891663216,0.43543879468441959,4333.9359778415446
m1_minus,77,15.5,L_reciprocal_lattice_units,0.15052862242668166,0.15426492590790883,0.46103549841544583,4678.3511877632545
m1_minus,78,15.700000000000001,L_reciprocal_lattice_units,0.91515813975741123,1.6278211513073053,0.5040275056936544,5080.5314877789497
m1_minus,79,15.9,L_reciprocal_lattice_units,10.913722248993636,11.853578308350865,0.56718491768172496,5558.2586084201639
m1_minus,80,16.100000000000001,L_reciprocal_lattice_units,11.453252991306909,11.543844162070897,0.64826704705189742,6139.1155357148355
m1_minus,81,16.300000000000001,L_reciprocal_lattice_units,0.61293227923381488,1.3773977219463067,0.74926406092601594,6870.0746593408612
m1_minus,82,16.5,L_reciprocal_lattice_units,-0.076380713230090616,0.34718405275318714,0.87526255070558845,7844.6789646149718
m1_minus,83,16.700000000000003,L_reciprocal_lattice_units,-0.1972182361464917,0.11817719158123891,1.0330040512998448,9324.8605263255267
m1_minus,84,16.899999999999999,L_reciprocal_lattice_units,0.066087329493802749,0.085837998343734151,1.3591584076317673,10850.325747353245
m1_plus,0,0.10000000000000001,L_reciprocal_lattice_units,nan,nan,nan,0
m1_plus,1,0.30000000000000004,L_reciprocal_lattice_units,nan,nan,nan,0
m1_plus,2,0.5,L_reciprocal_lattice_units,nan,nan,nan,0
m1_plus,3,0.70000000000000007,L_reciprocal_lattice_units,nan,nan,nan,0
m1_plus,4,0.90000000000000002,L_reciprocal_lattice_units,nan,nan,nan,0
m1_plus,5,1.1000000000000001,L_reciprocal_lattice_units,nan,nan,nan,0
m1_plus,6,1.3000000000000003,L_reciprocal_lattice_units,nan,nan,nan,0
m1_plus,7,1.5,L_reciprocal_lattice_units,nan,nan,nan,0
m1_plus,8,1.7000000000000002,L_reciprocal_lattice_units,-1.2412794335123891,0.13382023096218609,3.8154175239104875,94.710667920808888
m1_plus,9,1.8999999999999999,L_reciprocal_lattice_units,0.27128869757533647,0.82157632984852058,3.2442852760556566,634.72663841279723
m1_plus,10,2.1000000000000001,L_reciprocal_lattice_units,1.46089508301841,0.82811635841801245,3.2320241480308325,748.84593508904095
m1_plus,11,2.3000000000000003,L_reciprocal_lattice_units,1.5794122864952171,0.47476112151573546,3.2155117740725632,774.07488737111146
m1_plus,12,2.5,L_reciprocal_lattice_units,1.8891255502756406,0.56517927124869349,3.1944576559494164,785.24141763772923
m1_plus,13,2.7000000000000002,L_reciprocal_lattice_units,2.4016160882284199,0.71465285461047467,3.1687338403842382,792.60359845373
m1_plus,14,2.9000000000000004,L_reciprocal_lattice_units,2.3015649388439585,0.92649980909999308,3.1382445445090656,798.6890088865664
m1_plus,15,3.1000000000000001,L_reciprocal_lattice_units,2.6935221017322379,1.1426971913406962,3.1031676209611261,804.36230125879342
m1_plus,16,3.3000000000000003,L_reciprocal_lattice_units,2.3619857968026499,1.4190752006020373,3.0634059994450267,809.9875041420629
m1_plus,17,3.5,L_reciprocal_lattice_units,2.0222187735082509,1.7102028331792176,3.0192323434158186,815.74280161528259
m1_plus,18,3.7000000000000002,L_reciprocal_lattice_units,2.6379538009982064,2.1048048139418865,2.9710103056715336,821.72684016529058
m1_plus,19,3.9000000000000004,L_reciprocal_lattice_units,5.4838325129790615,5.3102910299316024,2.9192278907413693,828.00062386158368
m1_plus,20,4.0999999999999996,L_reciprocal_lattice_units,5.5485161540412324,6.0144881953999692,2.8632270616237609,834.60604019261348
m1_plus,21,4.3000000000000007,L_reciprocal_lattice_units,4.5792190846212346,4.0974198359256659,2.8036009812688572,841.57482615415825
m1_plus,22,4.5,L_reciprocal_lattice_units,9.7529801516115793,6.4970400732677032,2.7422369376311884,848.9332413547877
m1_plus,23,4.7000000000000011,L_reciprocal_lattice_units,31.218483627398591,16.163266968610561,2.6815856879586559,856.70466424344556
m1_plus,24,4.9000000000000004,L_reciprocal_lattice_units,550.6022965720789,448.69219466984248,2.722459568246411,864.911121092293
m1_plus,25,5.0999999999999996,L_reciprocal_lattice_units,495.38154319747639,390.09736125049938,2.6434791926461036,873.57423906813904
m1_plus,26,5.3000000000000007,L_reciprocal_lattice_units,26.974159052977711,15.149004218201958,2.4745521077158932,882.71587626197424
m1_plus,27,5.5,L_reciprocal_lattice_units,6.5196498277414925,4.6893745040143644,2.3991280135573887,892.35856531073614
m1_plus,28,5.7000000000000011,L_reciprocal_lattice_units,4.0787279797856657,2.9205048947178494,2.3272994859270728,902.52584773309809
m1_plus,29,5.9000000000000004,L_reciprocal_lattice_units,2.5347591527325424,2.162134787815329,2.2558288740426651,913.24254432311159
m1_plus,30,6.0999999999999996,L_reciprocal_lattice_units,1.1717472488947691,1.6993483830445302,2.1850359002032849,924.53498935932009
m1_plus,31,6.3000000000000007,L_reciprocal_lattice_units,1.0480819844969975,1.246649078686223,2.1155889369983303,936.43124636282573
m1_plus,32,6.5,L_reciprocal_lattice_units,0.13228214331481494,0.70420242499626928,2.0473903121596377,948.96131729373076
m1_plus,33,6.7000000000000011,L_reciprocal_lattice_units,-0.21723166666103813,0.30543140381126738,1.9811226959628747,962.15735362166072
m1_plus,34,6.9000000000000004,L_reciprocal_lattice_units,-0.14593097095998717,0.25856807745230992,1.917027516335901,976.05387566745458
m1_plus,35,7.0999999999999996,L_reciprocal_lattice_units,-0.41675528260174927,0.25766980292959951,1.8551401967602976,990.68800544136138
m1_plus,36,7.3000000000000007,L_reciprocal_lattice_units,-0.65623595461721873,0.27553781210119666,1.7957041249399459,1006.0997175853028
m1_plus,37,7.5,L_reciprocal_lattice_units,-0.11351203964349192,0.34643116338326885,1.7390260056341835,1022.3321127816129
m1_plus,38,7.7000000000000011,L_reciprocal_lattice_units,0.60041544838952987,1.0374563924189777,1.6849336166472457,1039.4317180120827
m1_plus,39,7.9000000000000004,L_reciprocal_lattice_units,11.662833759296994,10.1184793737985,1.6362579988836827,1057.448818281073
m1_plus,40,8.1000000000000014,L_reciprocal_lattice_units,8.7397822455033634,9.1846984565417813,1.5860169838209315,1076.4378248237686
m1_plus,41,8.3000000000000007,L_reciprocal_lattice_units,-0.083999112583423699,0.85302286291266249,1.5362880378391464,1096.4576853948138
m1_plus,42,8.5,L_reciprocal_lattice_units,0.082545288035172096,0.30647257796628319,1.4910479208520619,1117.5723429773846
m1_plus,43,8.6999999999999993,L_reciprocal_lattice_units,-0.13950884386332929,0.3512513049588451,1.447397322316452,1139.8512501813684
m1_plus,44,8.9000000000000004,L_reciprocal_lattice_units,0.73832572371971172,0.53146877194512909,1.4054938334382199,1163.3699477394653
m1_plus,45,9.1000000000000014,L_reciprocal_lattice_units,2.1647534060345537,0.91401976623420578,1.3648524704006009,1188.2107168954806
m1_plus,46,9.3000000000000007,L_reciprocal_lattice_units,2.3722446186961292,1.5607941229336466,1.3246813006442879,1214.4633171590904
m1_plus,47,9.5,L_reciprocal_lattice_units,5.4144724934740518,3.1066851340351493,1.2859424405599134,1242.2258229401266
m1_plus,48,9.7000000000000011,L_reciprocal_lattice_units,22.428354345307437,26.364374555618983,1.2516987593306692,1271.605575050434
m1_plus,49,9.9000000000000004,L_reciprocal_lattice_units,249.31191016142333,199.13312109631931,1.2806140483996287,1302.7202660809646
m1_plus,50,10.100000000000001,L_reciprocal_lattice_units,218.77685733241168,201.14563447149112,1.2326612708906719,1335.699182354155
m1_plus,51,10.300000000000001,L_reciprocal_lattice_units,17.075305931627657,23.653312088788756,1.1320761164549336,1370.684629693307
m1_plus,52,10.5,L_reciprocal_lattice_units,5.2412563010900204,4.9821952987228428,1.0886470442081215,1407.8335758607036
m1_plus,53,10.700000000000001,L_reciprocal_lattice_units,5.2910788055672011,6.6740176622649239,1.048594705703435,1447.3195494858674
m1_plus,54,10.9,L_reciprocal_lattice_units,32.634818970819829,27.100034824561241,1.0171897707499564,1489.3348440173781
m1_plus,55,11.100000000000001,L_reciprocal_lattice_units,28.282006352037623,24.772855544180238,0.9754407191143103,1534.0930861858385
m1_plus,56,11.300000000000001,L_reciprocal_lattice_units,3.2399927498248231,3.6703014464937653,0.92676708261144769,1581.8322423388745
m1_plus,57,11.5,L_reciprocal_lattice_units,1.4230214009904472,0.79062653110336145,0.88586433743712822,1632.8181537014896
m1_plus,58,11.700000000000001,L_reciprocal_lattice_units,1.1766071012622239,0.58218890265693279,0.84584337701306789,1687.3487143553664
m1_plus,59,11.9,L_reciprocal_lattice_units,0.72104154002888088,0.51894350337221329,0.8063319442772019,1745.7588352041746
m1_plus,60,12.100000000000001,L_reciprocal_lattice_units,1.0603253074858783,0.48738063870819598,0.76801518533412028,1808.4263757270271
m1_plus,61,12.300000000000001,L_reciprocal_lattice_units,0.9015559782479704,0.28538671696525836,0.73074151784891439,1875.7792761958874
m1_plus,62,12.5,L_reciprocal_lattice_units,1.1488639663528974,0.33543018060512581,0.69516273855565902,1948.304190883902
m1_plus,63,12.700000000000001,L_reciprocal_lattice_units,1.9338027623092608,1.7030092690595924,0.66169611526841488,2026.5570143010489
m1_plus,64,12.9,L_reciprocal_lattice_units,10.877403994634122,9.201855956344561,0.63350227620723154,2111.1758174105557
m1_plus,65,13.100000000000001,L_reciprocal_lattice_units,8.826674045510071,9.0716151099586675,0.60390799112207616,2202.8968835465175
m1_plus,66,13.300000000000001,L_reciprocal_lattice_units,1.4012682782313377,1.3660581072498652,0.57531730036553042,2302.5747761603816
m1_plus,67,13.5,L_reciprocal_lattice_units,0.74287240398545251,0.26847721879349479,0.55258899773969339,2411.2077160283552
m1_plus,68,13.700000000000001,L_reciprocal_lattice_units,0.50806505857324924,0.14217157789485457,0.53373487162502353,2529.9700466240092
m1_plus,69,13.9,L_reciprocal_lattice_units,0.71278838936335986,0.16471618904739169,0.51916838627714978,2660.2543071613832
m1_plus,70,14.100000000000001,L_reciprocal_lattice_units,0.87827451676562163,0.15452638058365648,0.50919086432771299,2803.7265517774777
m1_plus,71,14.300000000000001,L_reciprocal_lattice_units,0.383341068292402,0.053026930823030553,0.5042055858280392,2962.4002847214269
m1_plus,72,14.5,L_reciprocal_lattice_units,0.35093790855384532,0.039145871215507166,0.50540077974739128,3138.7371345160641
m1_plus,73,14.700000000000001,L_reciprocal_lattice_units,0.1868466070079598,0.038988842169426718,0.51358592922183588,3335.786906326161
m1_plus,74,14.9,L_reciprocal_lattice_units,0.13114345368072891,0.041329698853941332,0.53004252276759156,3557.3873318190863
m1_plus,75,15.100000000000001,L_reciprocal_lattice_units,0.27113727016152345,0.047056761633414081,0.55613997088822797,3808.4574571146195
m1_plus,76,15.300000000000001,L_reciprocal_lattice_units,0.28563815012618743,0.067116431985231609,0.59325436370960294,4095.4440051302245
m1_plus,77,15.5,L_reciprocal_lattice_units,0.22319062134459733,0.16697823022596531,0.64292358569567665,4427.0303427643967
m1_plus,78,15.700000000000001,L_reciprocal_lattice_units,1.0580637036277176,1.7787353459969755,0.70684798372161239,4815.3250081749202
m1_plus,79,15.9,L_reciprocal_lattice_units,12.222970257768164,12.428805347604934,0.78767316529826792,5277.9986370078432
m1_plus,80,16.100000000000001,L_reciprocal_lattice_units,10.931151235296657,12.072276545328263,0.88414224868547886,5842.5088260253833
m1_plus,81,16.300000000000001,L_reciprocal_lattice_units,0.61031425569558995,1.4877426785868963,0.99906528311560527,6555.6861031467697
m1_plus,82,16.5,L_reciprocal_lattice_units,0.0010177955270528108,0.36353323666448056,1.1357591298747158,7510.9125562834561
m1_plus,83,16.700000000000003,L_reciprocal_lattice_units,-0.027571596104960971,0.12364834038925041,1.2960232949556756,8969.937301212165
m1_plus,84,16.899999999999999,L_reciprocal_lattice_units,0.569241536197997,0.088782610907807397,1.6316113620843182,10485.271154833074
m3_minus,0,0.10000000000000001,L_reciprocal_lattice_units,nan,nan,nan,0
m3_minus,1,0.30000000000000004,L_reciprocal_lattice_units,nan,nan,nan,0
m3_minus,2,0.5,L_reciprocal_lattice_units,nan,nan,nan,0
m3_minus,3,0.70000000000000007,L_reciprocal_lattice_units,nan,nan,nan,0
m3_minus,4,0.90000000000000002,L_reciprocal_lattice_units,nan,nan,nan,0
m3_minus,5,1.1000000000000001,L_reciprocal_lattice_units,nan,nan,nan,0
m3_minus,6,1.3000000000000003,L_reciprocal_lattice_units,nan,nan,nan,0
m3_minus,7,1.5,L_reciprocal_lattice_units,nan,nan,nan,0
m3_minus,8,1.7000000000000002,L_reciprocal_lattice_units,0.72845160455820845,0.14837624612476275,1.8513407176022847,217.86462938231261
m3_minus,9,1.8999999999999999,L_reciprocal_lattice_units,0.89572823606577689,0.17554613192852028,1.7296836137207994,1327.4976253339607
m3_minus,10,2.1000000000000001,L_reciprocal_lattice_units,1.2120357268853552,0.24656365833412128,1.7110012522293869,1567.486070523393
m3_minus,11,2.3000000000000003,L_reciprocal_lattice_units,1.5045895083089718,0.26802482853778004,1.6899567363411334,1621.9167479601638
m3_minus,12,2.5,L_reciprocal_lattice_units,1.4626621834810956,0.27137048112240786,1.6668397618726754,1647.1373131079195
m3_minus,13,2.7000000000000002,L_reciprocal_lattice_units,1.4508562335192323,0.30844445157139699,1.6419555476862191,1664.5861141851103
m3_minus,14,2.9000000000000004,L_reciprocal_lattice_units,2.6840904954247451,1.9416254810019633,1.6156907772873363,1679.550142033368
m3_minus,15,3.1000000000000001,L_reciprocal_lattice_units,2.4525609784121389,1.8486004516237082,1.5877600366262536,1693.8423813504601
m3_minus,16,3.3000000000000003,L_reciprocal_lattice_units,0.95887087500773438,0.25132196953858776,1.5584203259337994,1708.2303078326574
m3_minus,17,3.5,L_reciprocal_lattice_units,0.68643987106841575,0.099126594142577823,1.5283840746814454,1723.0936069456409
m3_minus,18,3.7000000000000002,L_reciprocal_lattice_units,0.27017483630148148,0.10853491818516753,1.4977344989613661,1738.6463219698578
m3_minus,19,3.9000000000000004,L_reciprocal_lattice_units,0.20499388072794258,0.15164715217385513,1.4669489330461185,1755.0244258303844
m3_minus,20,4.0999999999999996,L_reciprocal_lattice_units,0.23840322071800699,0.12477274015963428,1.4364094395603197,1772.3245692115897
m3_minus,21,4.3000000000000007,L_reciprocal_lattice_units,0.15944640581437194,0.16412270760711875,1.4065680478546567,1790.6228584096471
m3_minus,22,4.5,L_reciprocal_lattice_units,0.050660225447870882,0.080833290432056712,1.3779636958854871,1809.9846673768543
m3_minus,23,4.7000000000000011,L_reciprocal_lattice_units,-0.29046568080751006,0.12357483229009611,1.3511150047386669,1830.4701145165443
m3_minus,24,4.9000000000000004,L_reciprocal_lattice_units,-0.35705887100837375,0.086183726792356558,1.3266944692480536,1852.1373140633052
m3_minus,25,5.0999999999999996,L_reciprocal_lattice_units,-0.76106835723758082,0.11233157675634503,1.3051435636173168,1875.0444290000369
m3_minus,26,5.3000000000000007,L_reciprocal_lattice_units,-0.92560996441447807,0.10104144161248112,1.2870860022812189,1899.2510542595044
m3_minus,27,5.5,L_reciprocal_lattice_units,-0.97001216890327668,0.15404284368304358,1.2729350613558639,1924.8192161362906
m3_minus,28,5.7000000000000011,L_reciprocal_lattice_units,-0.12027697654038072,0.65605012596224566,1.2631697709810523,1951.8141495297766
m3_minus,29,5.9000000000000004,L_reciprocal_lattice_units,13.18189228999049,11.035750686920636,1.2602337117326394,1980.3049482833096
m3_minus,30,6.0999999999999996,L_reciprocal_lattice_units,9.6010219531231691,10.878481950398456,1.2583292892100473,2010.3651471824824
m3_minus,31,6.3000000000000007,L_reciprocal_lattice_units,-0.65473047531282536,0.7486623224356227,1.2593953804430003,2042.0732732751298
m3_minus,32,6.5,L_reciprocal_lattice_units,-1.5699454088916207,0.19356595979119159,1.2660829974843606,2075.5133920096096
m3_minus,33,6.7000000000000011,L_reciprocal_lattice_units,-1.8848245480716961,0.1292185048830525,1.2761443580649763,2110.7756665167053
m3_minus,34,6.9000000000000004,L_reciprocal_lattice_units,-2.1431351633250832,0.10313424906112001,1.2887535941658383,2147.9569441444405
m3_minus,35,7.0999999999999996,L_reciprocal_lattice_units,-1.9851884346826731,0.092802635020977187,1.3031384673131179,2187.1613819476815
m3_minus,36,7.3000000000000007,L_reciprocal_lattice_units,-2.2537609303104147,0.092472844429182924,1.3182142810956483,2228.5011215789141
m3_minus,37,7.5,L_reciprocal_lattice_units,-2.4148584536718616,0.10250721244038359,1.3330993141701561,2272.0970235411896
m3_minus,38,7.7000000000000011,L_reciprocal_lattice_units,-2.4351107894060013,0.12058286849617794,1.3468090218988433,2318.079470822805
m3_minus,39,7.9000000000000004,L_reciprocal_lattice_units,-2.4787771050227119,0.13942608691970354,1.3583486048713165,2366.589252408452
m3_minus,40,8.1000000000000014,L_reciprocal_lattice_units,-2.3952468764122794,0.153719956667587,1.3668335862560548,2417.7785379804254
m3_minus,41,8.3000000000000007,L_reciprocal_lattice_units,-2.4672992560279337,0.15498080577559598,1.3713909155772095,2471.8119562532161
m3_minus,42,8.5,L_reciprocal_lattice_units,-2.4169473937190706,0.15873049158477187,1.3713444862239503,2528.867790819314
m3_minus,43,8.6999999999999993,L_reciprocal_lattice_units,-2.299727536706627,0.16969439419600016,1.3660907306122678,2589.1393091315053
m3_minus,44,8.9000000000000004,L_reciprocal_lattice_units,-2.2788846745212639,0.22079597166777298,1.3551626254006905,2652.8362423403664
m3_minus,45,9.1000000000000014,L_reciprocal_lattice_units,-2.1117844080623334,0.22535772828775652,1.3383064609594426,2720.1864361817643
m3_minus,46,9.3000000000000007,L_reciprocal_lattice_units,-1.9274031099657016,0.28469414113618918,1.3153891187961118,2791.4376960257728
m3_minus,47,9.5,L_reciprocal_lattice_units,-1.9023972333540131,0.20766645298478234,1.2864483824959489,2866.8598526301389
m3_minus,48,9.7000000000000011,L_reciprocal_lattice_units,-1.9108937462622724,0.025892752188621131,1.2517434269767158,2946.7470791688356
m3_minus,49,9.9000000000000004,L_reciprocal_lattice_units,-1.8144160647265408,0.025641743799627428,1.2117090096681673,3031.4204948488768
m3_minus,50,10.100000000000001,L_reciprocal_lattice_units,-1.6361454619390923,0.02763225984623234,1.1669217182994407,3121.2310960073851
m3_minus,51,10.300000000000001,L_reciprocal_lattice_units,-1.4853162589295144,0.028795460001623554,1.1180945524816082,3216.5630621692153
m3_minus,52,10.5,L_reciprocal_lattice_units,-1.3277928384493614,0.028612248868005258,1.0660763288614896,3317.8374923328261
m3_minus,53,10.700000000000001,L_reciprocal_lattice_units,-1.2891702318436371,0.027279786489239514,1.0117757792030309,3425.5166359832174
m3_minus,54,10.9,L_reciprocal_lattice_units,-1.0791014584863949,0.025790104628703122,0.95620394171940837,3540.1086943062946
m3_minus,55,11.100000000000001,L_reciprocal_lattice_units,-0.96344709835497022,0.026938969610934324,0.90029175620843682,3662.1732801539533
m3_minus,56,11.300000000000001,L_reciprocal_lattice_units,-0.82716952449078707,0.032796842426810233,0.84496434132402676,3792.3276409447831
m3_minus,57,11.5,L_reciprocal_lattice_units,-0.66682624121577805,0.03597437715129418,0.79101610250213072,3931.2537674288051
m3_minus,58,11.700000000000001,L_reciprocal_lattice_units,-0.54834338170314822,0.048453421533494564,0.73906037988706774,4079.7065337902709
m3_minus,59,11.9,L_reciprocal_lattice_units,-0.35383290336823719,0.057603332394416465,0.68952463032238398,4238.5230417771145
m3_minus,60,12.100000000000001,L_reciprocal_lattice_units,-0.37467435592581505,0.05815482292167197,0.64253180867698234,4408.6333744971207
m3_minus,61,12.300000000000001,L_reciprocal_lattice_units,-0.2334168110171542,0.058578867017811363,0.59809007854099561,4591.0730055796203
m3_minus,62,12.5,L_reciprocal_lattice_units,-0.085658325876654617,0.062198268355998967,0.5559311642649738,4786.9971582708777
m3_minus,63,12.700000000000001,L_reciprocal_lattice_units,-0.022354075471993674,0.071725739342728662,0.5156971979076389,4997.6974688887603
m3_minus,64,12.9,L_reciprocal_lattice_units,0.019041142846494462,0.060339611047597032,0.47707269512335398,5224.6213826868234
m3_minus,65,13.100000000000001,L_reciprocal_lattice_units,0.033227378345816648,0.051830323131502251,0.43989331556056521,5469.3948011084203
m3_minus,66,13.300000000000001,L_reciprocal_lattice_units,0.092178028646793142,0.055334782765462102,0.40433636911852883,5733.8486122421828
m3_minus,67,13.5,L_reciprocal_lattice_units,0.16128302703331576,0.066693219187203293,0.37104219816102552,6020.0498769383503
m3_minus,68,13.700000000000001,L_reciprocal_lattice_units,0.057356207296710975,0.061179051613445411,0.3411951837148256,6330.3386192426324
m3_minus,69,13.9,L_reciprocal_lattice_units,0.0058660179465221222,0.078951589381783774,0.31660887575892621,6667.3713916919069
m3_minus,70,14.100000000000001,L_reciprocal_lattice_units,0.079798907915629172,0.13193424551249222,0.29924588925591367,7034.1730669497247
m3_minus,71,14.300000000000001,L_reciprocal_lattice_units,0.11030737738261889,0.20260050503844773,0.29041340786788028,7434.1986650319677
m3_minus,72,14.5,L_reciprocal_lattice_units,0.34249682330584597,0.33648663027406683,0.28999817749000645,7871.4074837544895
m3_minus,73,14.700000000000001,L_reciprocal_lattice_units,1.6197127976375472,1.9604885080884082,0.29606207008525304,8350.3523911176981
m3_minus,74,14.9,L_reciprocal_lattice_units,15.271510973059291,20.663493662931923,0.30709313835075119,8876.2879057730152
m3_minus,75,15.100000000000001,L_reciprocal_lattice_units,15.389304133168439,19.000081991717469,0.31424043854058453,9455.3016953339593
m3_minus,76,15.300000000000001,L_reciprocal_lattice_units,1.2882643119645647,1.4343429696507051,0.31447813406398023,10094.47544501511
m3_minus,77,15.5,L_reciprocal_lattice_units,-0.074894239553634723,0.20601114290266792,0.30974645426378439,10802.08280680296
m3_minus,78,15.700000000000001,L_reciprocal_lattice_units,-0.25517997311976492,0.11172083308549925,0.2972180275043621,11587.834495943007
m3_minus,79,15.9,L_reciprocal_lattice_units,-0.33364805514786672,0.064318674231516382,0.27746411106413188,12463.18379126477
m3_minus,80,16.100000000000001,L_reciprocal_lattice_units,-0.28951217723284106,0.038822781925672983,0.25264312249785653,13441.7100579094
m3_minus,81,16.300000000000001,L_reciprocal_lattice_units,-0.25687234864528175,0.031922663333211448,0.23221258842256257,13256.656332979115
m3_minus,82,16.5,L_reciprocal_lattice_units,-0.21037908388717608,0.036123930422750687,0.21671603373048987,11185.896692925438
m3_minus,83,16.700000000000003,L_reciprocal_lattice_units,-0.1296472374117075,0.043748500368878847,0.19311816737699625,9173.0111898446758
m3_minus,84,16.899999999999999,L_reciprocal_lattice_units,-0.11822367247069208,0.024942193746390437,0.18464808490333717,6285.1718978110985
m3_plus,0,0.10000000000000001,L_reciprocal_lattice_units,nan,nan,nan,0
m3_plus,1,0.30000000000000004,L_reciprocal_lattice_units,nan,nan,nan,0
m3_plus,2,0.5,L_reciprocal_lattice_units,nan,nan,nan,0
m3_plus,3,0.70000000000000007,L_reciprocal_lattice_units,nan,nan,nan,0
m3_plus,4,0.90000000000000002,L_reciprocal_lattice_units,nan,nan,nan,0
m3_plus,5,1.1000000000000001,L_reciprocal_lattice_units,nan,nan,nan,0
m3_plus,6,1.3000000000000003,L_reciprocal_lattice_units,nan,nan,nan,0
m3_plus,7,1.5,L_reciprocal_lattice_units,nan,nan,nan,0
m3_plus,8,1.7000000000000002,L_reciprocal_lattice_units,1.5855440697146932,0.14802146298053578,1.6824892125248336,179.04396669100677
m3_plus,9,1.8999999999999999,L_reciprocal_lattice_units,1.700084207929623,0.20548284055640009,1.4489869687563557,1176.1163085431242
m3_plus,10,2.1000000000000001,L_reciprocal_lattice_units,1.8215490612460954,0.27814799334665047,1.4361061095896819,1388.528271963929
m3_plus,11,2.3000000000000003,L_reciprocal_lattice_units,2.0070357891246187,0.30294918031897394,1.4219220348307855,1436.494063301928
m3_plus,12,2.5,L_reciprocal_lattice_units,1.9604845452378974,0.30677681816012398,1.4066105120094916,1458.5573637888001
m3_plus,13,2.7000000000000002,L_reciprocal_lattice_units,2.5371599269571603,0.34872553965548686,1.3905349376856664,1473.7145136035144
m3_plus,14,2.9000000000000004,L_reciprocal_lattice_units,4.2581163424630271,2.1934803489654575,1.3739554801598315,1486.6495730019269
m3_plus,15,3.1000000000000001,L_reciprocal_lattice_units,3.4400934649421084,2.0884561269737767,1.3561443363280863,1498.9681092270887
m3_plus,16,3.3000000000000003,L_reciprocal_lattice_units,1.9393764291491471,0.28387129236337244,1.3377150486894556,1511.3491577675775
m3_plus,17,3.5,L_reciprocal_lattice_units,1.7502189479598003,0.11173930635566889,1.3193139169867398,1524.1280418843596
m3_plus,18,3.7000000000000002,L_reciprocal_lattice_units,1.569532436440062,0.12232775173675627,1.3008381580449797,1537.4932190036607
m3_plus,19,3.9000000000000004,L_reciprocal_lattice_units,1.6162162432037832,0.171004064920316,1.2825698091703825,1551.5638744429775
m3_plus,20,4.0999999999999996,L_reciprocal_lattice_units,1.5902519747859245,0.1406300180724083,1.2646646724110107,1566.4242503522637
m3_plus,21,4.3000000000000007,L_reciprocal_lattice_units,1.3937278433343046,0.18505470579213126,1.2473326124378337,1582.1402777466571
m3_plus,22,4.5,L_reciprocal_lattice_units,1.7353425671989948,0.091472746750322811,1.2309848916380057,1598.7682629526132
m3_plus,23,4.7000000000000011,L_reciprocal_lattice_units,1.2266715682547265,0.13898777615217311,1.2154922533934536,1616.3597316768571
m3_plus,24,4.9000000000000004,L_reciprocal_lattice_units,1.0837823085186984,0.097741227919678556,1.2013502247198349,1634.9643002081937
m3_plus,25,5.0999999999999996,L_reciprocal_lattice_units,0.87735680033100971,0.12681324222469137,1.1886109314611704,1654.6314836769807
m3_plus,26,5.3000000000000007,L_reciprocal_lattice_units,0.86690163450356061,0.11487824788602198,1.1774486492649836,1675.4119098130529
m3_plus,27,5.5,L_reciprocal_lattice_units,0.56545461760316229,0.17537382027051071,1.167790647769205,1697.3581914593999
m3_plus,28,5.7000000000000011,L_reciprocal_lattice_units,2.3424973020350612,0.76254113316141048,1.1602145231893308,1720.5256009354039
m3_plus,29,5.9000000000000004,L_reciprocal_lattice_units,14.771240125820524,12.509922146936061,1.1566986327115425,1744.9726305288682
m3_plus,30,6.0999999999999996,L_reciprocal_lattice_units,11.264175016660186,12.329477205030626,1.1506444962868152,1770.76149085677
m3_plus,31,6.3000000000000007,L_reciprocal_lattice_units,1.4991835542678171,0.86756724445809086,1.1442881664393079,1797.9585802952786
m3_plus,32,6.5,L_reciprocal_lattice_units,0.68897263649043905,0.22039893220781681,1.1409054659787856,1826.6349478777893
m3_plus,33,6.7000000000000011,L_reciprocal_lattice_units,0.53207238258587597,0.1473350982789986,1.1381831332885703,1856.8667656808177
m3_plus,34,6.9000000000000004,L_reciprocal_lattice_units,0.32516400342579382,0.11812033225135639,1.1355679169000275,1888.7358229543547
m3_plus,35,7.0999999999999996,L_reciprocal_lattice_units,0.62007877442475412,0.10697073833268554,1.1327762022962502,1922.3300520887656
m3_plus,36,7.3000000000000007,L_reciprocal_lattice_units,0.35567900360516364,0.10693680019282983,1.1291226864165422,1957.7440953623502
m3_plus,37,7.5,L_reciprocal_lattice_units,0.37664407477895151,0.11801259981167626,1.1243619916518499,1995.0799209431077
m3_plus,38,7.7000000000000011,L_reciprocal_lattice_units,0.29598538624049009,0.13738708322838969,1.1179728889228289,2034.447496624007
m3_plus,39,7.9000000000000004,L_reciprocal_lattice_units,0.17737199572753476,0.15780103099325654,1.1095509677112858,2075.9655301392527
m3_plus,40,8.1000000000000014,L_reciprocal_lattice_units,0.15014959555545648,0.17380116425830475,1.0987457252751238,2119.7622855743616
m3_plus,41,8.3000000000000007,L_reciprocal_lattice_units,0.15127031890273337,0.17593494561932305,1.0852073269177926,2165.9764863145629
m3_plus,42,8.5,L_reciprocal_lattice_units,0.068598083618231526,0.18094074324363821,1.0686260131448184,2214.7583161677621
m3_plus,43,8.6999999999999993,L_reciprocal_lattice_units,0.22235269122056128,0.19405483352733088,1.0488469937611964,2266.2705317554096
m3_plus,44,8.9000000000000004,L_reciprocal_lattice_units,0.31097668495729663,0.25209112067347522,1.025659335099423,2320.6897010144153
m3_plus,45,9.1000000000000014,L_reciprocal_lattice_units,0.31148075343746279,0.25812147997292917,0.99897959718079588,2378.2075847262045
m3_plus,46,9.3000000000000007,L_reciprocal_lattice_units,0.27087927665286554,0.3259064251264987,0.96882719576976606,2439.0326804335532
m3_plus,47,9.5,L_reciprocal_lattice_units,0.23104422199884789,0.23716134811161299,0.93530626787431759,2503.3919509849779
m3_plus,48,9.7000000000000011,L_reciprocal_lattice_units,0.087398863319262457,0.030193642200060166,0.89857401146919647,2571.5327633280444
m3_plus,49,9.9000000000000004,L_reciprocal_lattice_units,-0.23601524629182177,0.029415405055052544,0.85888777199763278,2643.7250671583943
m3_plus,50,10.100000000000001,L_reciprocal_lattice_units,-0.13216071055736342,0.03158474513965389,0.81674657460295086,2720.2638477229439
m3_plus,51,10.300000000000001,L_reciprocal_lattice_units,-0.2204653856684321,0.032908184554569543,0.77246779685248756,2801.4718926207506
m3_plus,52,10.5,L_reciprocal_lattice_units,-0.26489899237089748,0.032752697521809884,0.72663784943119325,2887.7029190046928
m3_plus,53,10.700000000000001,L_reciprocal_lattice_units,-0.35954088403771589,0.031330296828727802,0.67984322351336224,2979.3451153696428
m3_plus,54,10.9,L_reciprocal_lattice_units,-0.3266211607934093,0.029845504159876149,0.63280284882521565,3076.8251613745274
m3_plus,55,11.100000000000001,L_reciprocal_lattice_units,-0.30099770875909271,0.03152751376262939,0.58621032157578246,3180.6128001896136
m3_plus,56,11.300000000000001,L_reciprocal_lattice_units,-0.1670483294061382,0.038411820536832279,0.54085920351723971,3291.2260510812889
m3_plus,57,11.5,L_reciprocal_lattice_units,-0.24761656291275461,0.041962315277208742,0.4974233571932849,3409.237165812704
m3_plus,58,11.700000000000001,L_reciprocal_lattice_units,-0.15169072247961721,0.055579657090635129,0.45673478004878343,3535.2794515462283
m3_plus,59,11.9,L_reciprocal_lattice_units,-0.13602065118953149,0.066008529627848284,0.41934487277847504,3670.0551060272869
m3_plus,60,12.100000000000001,L_reciprocal_lattice_units,-0.060851745459212424,0.067140169033624783,0.3857712354363419,3814.34423882891
m3_plus,61,12.300000000000001,L_reciprocal_lattice_units,-0.11778202543022583,0.067876144611875633,0.35621899337428758,3969.0152865247683
m3_plus,62,12.5,L_reciprocal_lattice_units,-0.042204073866239006,0.072041084318590326,0.33080037415845615,4135.0370713084994
m3_plus,63,12.700000000000001,L_reciprocal_lattice_units,0.011816265771407189,0.082825147820888873,0.30923045760301399,4313.4928036764595
m3_plus,64,12.9,L_reciprocal_lattice_units,0.10231488862263578,0.070004656595625339,0.29107602283783762,4505.5963927536095
m3_plus,65,13.100000000000001,L_reciprocal_lattice_units,0.087368422392606379,0.060180892638760586,0.27567648991981952,4712.7115057509591
m3_plus,66,13.300000000000001,L_reciprocal_lattice_units,0.086560391347743418,0.064348800393683112,0.26242817012317426,4936.3739149095372
m3_plus,67,13.5,L_reciprocal_lattice_units,0.16013606782076503,0.077562847738233257,0.25075094887272276,5178.31779129198
m3_plus,68,13.700000000000001,L_reciprocal_lattice_units,0.16484955614726093,0.072205339598824678,0.24009396801053093,5440.506756719411
m3_plus,69,13.9,L_reciprocal_lattice_units,0.26674592296447752,0.0928020925897097,0.23016489886762373,5725.1706969518109
m3_plus,70,14.100000000000001,L_reciprocal_lattice_units,0.34575869731437986,0.15314317442020142,0.22069290097003449,6034.8495826793942
m3_plus,71,14.300000000000001,L_reciprocal_lattice_units,0.52395568172472784,0.23595902665615567,0.21160885658826936,6372.445855808799
m3_plus,72,14.5,L_reciprocal_lattice_units,0.9403243769046763,0.39576170233080105,0.20293168342699358,6741.2873380473766
m3_plus,73,14.700000000000001,L_reciprocal_lattice_units,3.1344438135684225,2.4046669734047792,0.19520911490702858,7145.2031355811368
m3_plus,74,14.9,L_reciprocal_lattice_units,21.423796619988771,24.05967690021329,0.19332545222995978,7588.6156868493654
m3_plus,75,15.100000000000001,L_reciprocal_lattice_units,15.759483641998692,22.158282483743115,0.18354419209126246,8076.6529839331633
m3_plus,76,15.300000000000001,L_reciprocal_lattice_units,1.8727245861279378,1.7584289701312841,0.17153479545574374,8615.2861668855821
m3_plus,77,15.5,L_reciprocal_lattice_units,0.56959096408565413,0.24268406437124077,0.16424225823665034,9211.4992497322728
m3_plus,78,15.700000000000001,L_reciprocal_lattice_units,0.304310149223672,0.13077134212275632,0.15776702479293903,9873.4998364293551
m3_plus,79,15.9,L_reciprocal_lattice_units,0.22092897212681092,0.075655543963861357,0.15178390450896365,10610.982539681198
m3_plus,80,16.100000000000001,L_reciprocal_lattice_units,0.12695829776178025,0.045943301954889666,0.1462814178488582,11435.460737845729
m3_plus,81,16.300000000000001,L_reciprocal_lattice_units,0.10381588830932977,0.034725464168495708,0.14159457406895942,12360.687756424653
m3_plus,82,16.5,L_reciprocal_lattice_units,0.16120007263904018,0.032947623879447906,0.13978041632228752,13151.845060370191
m3_plus,83,16.700000000000003,L_reciprocal_lattice_units,0.13457812760987498,0.044407958263695785,0.14824016951586613,11866.807107723705
m3_plus,84,16.899999999999999,L_reciprocal_lattice_units,0.17143155625069478,0.040522402712758837,0.16683846510433259,9565.4418565099731
m0,0,1.05,detector_2theta_degrees,10116.379408696286,3464.0332937512549,35.112853626526068,6.3424853603472995
m0,1,1.1500000000000001,detector_2theta_degrees,7071.6630003651489,1926.1443180066674,28.323666082584463,6.9474047039989868
m0,2,1.25,detector_2theta_degrees,4703.8350802608202,1274.3098480385129,20.34081445120847,7.5525374452892367
m0,3,1.3500000000000001,detector_2theta_degrees,3189.1044761147668,885.40024487218204,17.536830035609739,8.157898382953892
m0,4,1.4500000000000002,detector_2theta_degrees,2022.694672121306,621.16305054798977,14.242055602946767,8.7635023279682809
m0,5,1.55,detector_2theta_degrees,1331.3423558363756,466.01626608823113,10.652495520965326,9.3693641043181835
m0,6,1.6500000000000001,detector_2theta_degrees,895.67756435473018,357.02961951244106,9.2832893775745458,9.975498549772297
m0,7,1.75,detector_2theta_degrees,571.24568754149743,269.80338330730621,7.9791294786910498,10.581920516655451
m0,8,1.8500000000000001,detector_2theta_degrees,354.79200599451116,213.67827631855147,6.4328792511921611,11.188644872623838
m0,9,1.9500000000000002,detector_2theta_degrees,223.64968860937833,172.11284683439462,5.7426492790165682,11.795686501440967
m0,10,2.0499999999999998,detector_2theta_degrees,140.59758430148005,136.88448401711736,5.3668571219355137,12.403060303755307
m0,11,2.1500000000000004,detector_2theta_degrees,90.057805072148128,111.55938347104069,4.8926871407443491,13.01078119787962
m0,12,2.25,detector_2theta_degrees,61.066881792728587,92.381974835275244,4.6611627277144008,13.618864120571669
m0,13,2.3500000000000001,detector_2theta_degrees,41.932522397921467,75.592512959240864,4.576297097656485,14.227324027816723
m0,14,2.4500000000000002,detector_2theta_degrees,30.892112137959579,61.660053797424936,4.4393521402636189,14.836175895611461
m0,15,2.5499999999999998,detector_2theta_degrees,24.415419827865151,50.641489169595324,4.3374987640643541,15.445434720750445
m0,16,2.6500000000000004,detector_2theta_degrees,24.14499621168968,40.757628645511225,4.3401585473550197,16.05511552161331
m0,17,2.75,detector_2theta_degrees,25.305920161660666,32.609322443456506,4.3020465338258669,16.665233338955073
m0,18,2.8500000000000001,detector_2theta_degrees,21.799500812145471,26.521994326263314,4.2154814402959602,17.275803236698053
m0,19,2.9500000000000002,detector_2theta_degrees,20.754171516662602,21.309221710942634,4.2051485378265241,17.886840302724575
m0,20,3.0499999999999998,detector_2theta_degrees,17.989388844346141,17.364292731603189,4.1546103115790078,18.498359649674995
m0,21,3.1500000000000004,detector_2theta_degrees,15.481976929021688,14.256438241624451,4.0809852919621692,19.110376415744224
m0,22,3.25,detector_2theta_degrees,14.408536672531238,12.186690482015276,4.0657061508442283,19.722905765483191
m0,23,3.3500000000000005,detector_2theta_degrees,15.471823139985624,9.9468439460875739,4.0447318390327291,20.3359628906015
m0,24,3.4500000000000002,detector_2theta_degrees,15.880964704577064,8.8057937030967128,3.9846553205438759,20.949563010772881
m0,25,3.5499999999999998,detector_2theta_degrees,15.368566182043814,7.6062677915051973,3.9678318201253107,21.563721374443713
m0,26,3.6500000000000004,detector_2theta_degrees,14.788191691538072,6.7555538379906928,3.94407968800886,22.178453259642161
m0,27,3.75,detector_2theta_degrees,13.657786994839324,6.0677793000565146,3.8832446818486197,22.793773974793055
m0,28,3.8500000000000005,detector_2theta_degrees,13.231811386263338,5.279235189958329,3.8606789051744221,23.40969885953275
m0,29,3.9500000000000002,detector_2theta_degrees,12.923422861076824,5.1428373233780951,3.8395042051898982,24.026243285527922
m0,30,4.0499999999999998,detector_2theta_degrees,10.525573652436153,4.4169409556661998,3.7825183555255006,24.643422657298348
m0,31,4.1500000000000004,detector_2theta_degrees,9.1228591556076921,4.4225610932109021,3.7539078194124857,25.261252413040442
m0,32,4.25,detector_2theta_degrees,9.7843045307217462,3.6812458008520874,3.7328223163058305,25.879748025454244
m0,33,4.3500000000000005,detector_2theta_degrees,9.2604834637276081,3.7238617233711557,3.6858659754711263,26.498925002576883
m0,34,4.4500000000000002,detector_2theta_degrees,9.1475114655140839,3.4268197382597543,3.6637054685433577,27.118798888614016
m0,35,4.5499999999999998,detector_2theta_degrees,9.1660917037907073,3.1330399935693234,3.6425083541151908,27.739385264779049
m0,36,4.6500000000000004,detector_2theta_degrees,6.8165906133212868,3.0548045872325162,3.5924686919946156,28.360699750131939
m0,37,4.75,detector_2theta_degrees,7.3809208740639969,2.5902766937095905,3.5673626490868044,28.982758002424902
m0,38,4.8500000000000005,detector_2theta_degrees,8.9068569050521376,2.8770910193152837,3.550505534524472,29.60557571894952
m0,39,4.9500000000000002,detector_2theta_degrees,10.171363659285433,2.3478931631858084,3.5186755163328134,30.229168637387382
m0,40,5.0499999999999998,detector_2theta_degrees,8.9185500622710094,2.5289451689533307,3.4877361422542443,30.853552536667255
m0,41,5.1500000000000004,detector_2theta_degrees,10.208766726836407,2.081283930688099,3.4708135286522013,31.478743237818875
m0,42,5.25,detector_2theta_degrees,14.833272305083378,2.2314653648115108,3.4469617335882701,32.104756604842564
m0,43,5.3499999999999996,detector_2theta_degrees,21.515296243402346,2.1013492406140561,3.449676576670051,32.731608545568676
m0,44,5.4500000000000002,detector_2theta_degrees,25.597191293939765,1.859192906487936,3.4461320545317538,33.359315012532456
m0,45,5.5499999999999998,detector_2theta_degrees,19.76003038050575,1.9614478905375343,3.3830473794168361,33.987892003848145
m0,46,5.6500000000000004,detector_2theta_degrees,16.136986039371607,1.6164881197039349,3.3448757732362404,34.617355564083951
m0,47,5.75,detector_2theta_degrees,16.417899800717795,1.9820294559705687,3.3304414605105905,35.247721785151832
m0,48,5.8500000000000005,detector_2theta_degrees,15.498469844696549,1.510181571262833,3.2897761889949755,35.879006807186379
m0,49,5.9500000000000002,detector_2theta_degrees,13.190565714635516,1.736538018292658,3.2561403873276862,36.511226819445419
m0,50,6.0499999999999998,detector_2theta_degrees,11.998162611669335,1.4718547354944678,3.2370395599446704,37.144398061198359
m0,51,6.1500000000000004,detector_2theta_degrees,11.184192055275,1.5653347392473489,3.1991579013080282,37.778536822631636
m0,52,6.25,detector_2theta_degrees,12.752733016140736,1.5262114632258417,3.1791800776246317,38.41365944575449
m0,53,6.3500000000000005,detector_2theta_degrees,13.189179959586077,1.377280857818205,3.1657040830181633,39.049782325304022
m0,54,6.4500000000000002,detector_2theta_degrees,13.220944991812479,1.5212679576606931,3.1300830479835535,39.686921909668591
m0,55,6.5499999999999998,detector_2theta_degrees,15.116453553825947,1.2837765093529825,3.110685342683003,40.32509470180009
m0,56,6.6500000000000004,detector_2theta_degrees,13.424887252101646,1.5843418408801631,3.0925352107137671,40.964317260143353
m0,57,6.75,detector_2theta_degrees,11.284587538490717,1.2583620857685867,3.05314711316989,41.604606199566867
m0,58,6.8500000000000005,detector_2theta_degrees,12.742486320226577,1.4703586385829106,3.0335230467558145,42.245978192293251
m0,59,6.9500000000000002,detector_2theta_degrees,12.678484399783425,1.3047856752782598,3.0189162852487939,42.888449968847667
m0,60,7.0499999999999998,detector_2theta_degrees,12.083481887615831,1.4746800547657879,2.9854638637678939,43.53203831899706
m0,61,7.1500000000000004,detector_2theta_degrees,12.153584296185672,1.5033389216340918,2.9621317412994146,44.176760092705564
m0,62,7.25,detector_2theta_degrees,12.906121789900272,1.466441896306828,2.9510411878508243,44.82263220109089
m0,63,7.3500000000000005,detector_2theta_degrees,13.535355130383172,1.7037672782384736,2.9203405908023683,45.469671617387128
m0,64,7.4500000000000002,detector_2theta_degrees,14.350826233066382,1.6645030855765202,2.9015520417054734,46.117895377913065
m0,65,7.5499999999999998,detector_2theta_degrees,15.593122164442798,2.285652215519502,2.8921673896648779,46.767320583050768
m0,66,7.6500000000000004,detector_2theta_degrees,17.247141004805545,2.4500517323768376,2.8649429208674748,47.417964398214792
m0,67,7.75,detector_2theta_degrees,17.86609829715638,3.3319658208254568,2.8488027040755202,48.06984405485791
m0,68,7.8500000000000005,detector_2theta_degrees,21.865479822492293,4.3960357414413069,2.8446113457134099,48.722976851440798
m0,69,7.9500000000000002,detector_2theta_degrees,26.187047163613236,6.4384016397179415,2.8216326476071725,49.377380154454549
m0,70,8.0500000000000007,detector_2theta_degrees,30.093618851300416,9.9843178553150889,2.825775568573075,50.03307139940717
m0,71,8.1500000000000004,detector_2theta_degrees,42.110885708258394,16.19723243227002,2.8377294992791784,50.690068091842498
m0,72,8.25,detector_2theta_degrees,67.537798215262541,29.268350018504368,2.8548672080752815,51.348387808370298
m0,73,8.3500000000000014,detector_2theta_degrees,118.70111986468505,52.800575308259432,3.0189324292900945,52.008048197664721
m0,74,8.4500000000000011,detector_2theta_degrees,313.94166669961294,181.06231471291949,3.3623529776684378,52.669066981524608
m0,75,8.5500000000000007,detector_2theta_degrees,902.00942919853333,893.72028990186152,4.3173500519627144,53.331461955894504
m0,76,8.6500000000000004,detector_2theta_degrees,2398.6495777067739,3203.4588193479558,6.704973915406379,53.995250991916478
m0,77,8.75,detector_2theta_degrees,3508.0404748700057,4626.6777958482344,7.6108543729818363,54.660452036987252
m0,78,8.8500000000000014,detector_2theta_degrees,2328.067589945068,2518.7187083378662,5.8718723593201378,55.327083115804051
m0,79,8.9500000000000011,detector_2theta_degrees,800.56166401753183,669.40119261710265,4.0492797668227114,55.995162331454047
m0,80,9.0500000000000007,detector_2theta_degrees,266.46863659664814,217.79918492024629,3.2030377435683057,56.664707866468497
m0,81,9.1500000000000004,detector_2theta_degrees,145.66973031248503,137.38426987426888,2.8480628246210848,57.335737983918989
m0,82,9.2500000000000018,detector_2theta_degrees,87.656344573570578,100.9054120088953,2.7358758817896653,58.008271028497326
m0,83,9.3500000000000014,detector_2theta_degrees,59.642731398652103,81.660822048958082,2.6438003262344121,58.682325427628648
m0,84,9.4500000000000011,detector_2theta_degrees,46.401955279467657,70.528805081992118,2.589048742210883,59.357919692558092
m0,85,9.5500000000000007,detector_2theta_degrees,37.143256247552713,63.593996250695788,2.5615230952431336,60.035072419478205
m0,86,9.6500000000000004,detector_2theta_degrees,33.632505365001322,57.530841567709935,2.5259052195358587,60.713802290651181
m0,87,9.7500000000000018,detector_2theta_degrees,30.31688298521869,54.482634805699263,2.5086179345906525,61.394128075525337
m0,88,9.8500000000000014,detector_2theta_degrees,31.091059611339432,50.639084537016977,2.5008606638670789,62.076068631892731
m0,89,9.9500000000000011,detector_2theta_degrees,29.533658484929067,47.220541726660784,2.4659717630927109,62.759642907022027
m0,90,10.050000000000001,detector_2theta_degrees,28.136019763332079,42.095660462284634,2.4629298067291536,63.444869938823615
m0,91,10.15,detector_2theta_degrees,26.073573113258046,35.99450165610601,2.4435873767070646,64.13176885700517
m0,92,10.250000000000002,detector_2theta_degrees,24.39577198355672,30.895895184852481,2.408844248053382,64.820358884248321
m0,93,10.350000000000001,detector_2theta_degrees,22.863400366193758,26.250106942382239,2.4029843265318753,65.510659337401535
m0,94,10.450000000000001,detector_2theta_degrees,19.115300107048839,21.854860042421453,2.3775116640536504,66.202689628652152
m0,95,10.550000000000001,detector_2theta_degrees,16.607394144041628,18.344122782354102,2.3504285875335937,66.896469266743253
m0,96,10.650000000000002,detector_2theta_degrees,13.740523237627439,14.939866007494675,2.3385656765949445,67.592017858171374
m0,97,10.750000000000002,detector_2theta_degrees,10.69480072575216,11.908525233158743,2.3134603451674836,68.28935510842345
m0,98,10.850000000000001,detector_2theta_degrees,8.7448872808562719,9.5666181158105772,2.2959523958947967,68.988500823183912
m0,99,10.950000000000001,detector_2theta_degrees,9.0106133698596604,7.2446168426643238,2.2887775056489841,69.689474909589123
m0,100,11.050000000000001,detector_2theta_degrees,7.0338377332949333,5.5654970128206855,2.2638755198501985,70.392297377476524
m0,101,11.150000000000002,detector_2theta_degrees,5.7619973236425812,4.2174653195038196,2.254696061972957,71.096988340628101
m0,102,11.250000000000002,detector_2theta_degrees,4.266508772978705,3.0020345662987449,2.2400742162100373,71.803568018061057
m0,103,11.350000000000001,detector_2theta_degrees,4.7713775276295944,2.2171728287830934,2.2225346374646748,72.512056735290543
m0,104,11.450000000000001,detector_2theta_degrees,4.7419403138149363,1.5783999544733422,2.2164492513823455,73.222474925631374
m0,105,11.550000000000001,detector_2theta_degrees,3.5201840107538294,1.0889805549100626,2.2019063330458013,73.934843131486801
m0,106,11.650000000000002,detector_2theta_degrees,1.8276603334134693,0.77812007765820357,2.1841530222877479,74.649182005665764
m0,107,11.750000000000002,detector_2theta_degrees,1.8022655821305869,0.52594185954855643,2.176725141776477,75.365512312715055
m0,108,11.850000000000001,detector_2theta_degrees,2.6686738708556201,0.36639858776102202,2.1638902542861418,76.083854930232249
m0,109,11.950000000000001,detector_2theta_degrees,2.2348088278285032,0.26088604779138841,2.155658409814817,76.804230850225935
m0,110,12.050000000000001,detector_2theta_degrees,1.0190371093866621,0.17830598995246372,2.144385021900431,77.526661180466192
m0,111,12.150000000000002,detector_2theta_degrees,1.016450035732672,0.13291456629860815,2.1292900128806691,78.251167145852946
m0,112,12.250000000000002,detector_2theta_degrees,2.5238381266201713,0.099699164421911263,2.126965988161527,78.977770089793566
m0,113,12.350000000000001,detector_2theta_degrees,4.3446009985407992,0.076946638741180864,2.1207726958454698,79.706491475594646
m0,114,12.450000000000001,detector_2theta_degrees,2.641571818057324,0.063165117541297638,2.105171614184544,80.437352887869267
m0,115,12.550000000000001,detector_2theta_degrees,0.83734853026119216,0.052132736363768681,2.0948549809149748,81.170376033942759
m0,116,12.650000000000002,detector_2theta_degrees,0.6076989176007852,0.04498614351454551,2.0818567019330132,81.905582745284349
m0,117,12.750000000000002,detector_2theta_degrees,0.1668645310846508,0.039604489125098036,2.0748250210472432,82.642994978953865
m0,118,12.850000000000001,detector_2theta_degrees,-0.051700734522811202,0.034920335269741004,2.0664510782568839,83.382634819047865
m0,119,12.950000000000001,detector_2theta_degrees,-0.093005512102700721,0.031570470061495083,2.0545934068441021,84.124524478159259
m0,120,13.050000000000001,detector_2theta_degrees,-0.28853281877270626,0.028471886248699306,2.0483578492393426,84.868686298867672
m0,121,13.150000000000002,detector_2theta_degrees,0.28943993494897163,0.025844796354686644,2.0399562863868459,85.615142755223417
m0,122,13.250000000000002,detector_2theta_degrees,-0.39101891909154873,0.023681471953826007,2.0322199984555791,86.363916454254053
m0,123,13.350000000000001,detector_2theta_degrees,-0.98764058806998212,0.021511467637435715,2.0245986435077592,87.115030137482464
m0,124,13.450000000000001,detector_2theta_degrees,-1.9882066800345128,0.019817370557635206,2.0104565219076838,87.868506682463675
m0,125,13.550000000000001,detector_2theta_degrees,-0.49231763626129144,0.018223923487207454,2.0091109165394085,88.624369104320849
m0,126,13.650000000000002,detector_2theta_degrees,-0.94555450289465837,0.016793440481398469,1.9992796136212516,89.382640557310054
m0,127,13.750000000000002,detector_2theta_degrees,-0.28525438802839287,0.0156361895984806,1.9948759108077945,90.14334433640154
m0,128,13.850000000000001,detector_2theta_degrees,-1.3278730042053051,0.014494648783136431,1.9865442158165001,90.906503878862608
m0,129,13.950000000000001,detector_2theta_degrees,-2.0749113902804672,0.013628525449123186,1.9746029244596977,91.672142765853593
m0,130,14.050000000000001,detector_2theta_degrees,-2.4669864863446556,0.012865549019951536,1.9689983662960608,92.440284724060191
m0,131,14.150000000000002,detector_2theta_degrees,-1.8591071003540331,0.012235365746933343,1.962906391664927,93.210953627311568
m0,132,14.250000000000002,detector_2theta_degrees,-1.5649640725404521,0.011790695294135112,1.9582451007286279,93.984173498251039
m0,133,14.350000000000001,detector_2theta_degrees,-0.99893878552265014,0.011438089432462545,1.9534017251233231,94.759968509971344
m0,134,14.450000000000001,detector_2theta_degrees,-1.3572745683278733,0.011275310383460455,1.943316702199436,95.53836298771671
m0,135,14.550000000000001,detector_2theta_degrees,-2.179300278956867,0.01124766034478617,1.9370451855945359,96.319381410567857
m0,136,14.650000000000002,detector_2theta_degrees,-1.5594918347126312,0.011392141754387313,1.9313951271616494,97.103048413155861
m0,137,14.750000000000002,detector_2theta_degrees,-2.5033262445142306,0.011692938046971879,1.9246120563829157,97.889388787389677
m0,138,14.850000000000001,detector_2theta_degrees,-3.0089175879320393,0.012217663804193561,1.9183100441273491,98.67842748419946
m0,139,14.950000000000001,detector_2theta_degrees,-2.9865664993600416,0.012912714397193549,1.9102687181307125,99.470189615295766
m0,140,15.050000000000001,detector_2theta_degrees,-3.4060052918471828,0.01387614358145226,1.9051405578963791,100.26470045496461
m0,141,15.150000000000002,detector_2theta_degrees,-3.2275019377643357,0.015113288278827115,1.8983440102896296,101.06198544181501
m0,142,15.250000000000002,detector_2theta_degrees,-3.4580491934459445,0.016613626647302412,1.8937144379893374,101.862070180655
m0,143,15.350000000000001,detector_2theta_degrees,-2.9548224853346836,0.018609380403255393,1.8887332311350273,102.6649804442707
m0,144,15.450000000000001,detector_2theta_degrees,-2.3462956224971649,0.020879739933601371,1.884663210805225,103.4707421753079
m0,145,15.550000000000001,detector_2theta_degrees,-1.7702176623623391,0.023915010503007868,1.8812363848357763,104.27938148810661
m0,146,15.650000000000002,detector_2theta_degrees,-1.6763860300746711,0.027462877659638625,1.8739390384646648,105.09092467059673
m0,147,15.750000000000002,detector_2theta_degrees,-2.195713556827624,0.031912870323082328,1.8687969509436761,105.9053981862337
m0,148,15.850000000000001,detector_2theta_degrees,-1.401769193550404,0.037602560313419707,1.8643349680841823,106.72282867585717
m0,149,15.950000000000001,detector_2theta_degrees,-1.2166464601712239,0.044398669325986413,1.8610077983735633,107.54324295968027
m0,150,16.050000000000001,detector_2theta_degrees,-1.7368638567641883,0.053771717649727997,1.8548725020465335,108.36666803922965
m0,151,16.150000000000002,detector_2theta_degrees,-0.89923506331666792,0.06505263170993883,1.8509805199295275,109.19313109932999
m0,152,16.25,detector_2theta_degrees,-1.8223564494301672,0.08125515486032206,1.8446016476310068,110.02265951008272
m0,153,16.350000000000001,detector_2theta_degrees,-1.2023773232647599,0.10279402078218283,1.8392700933230341,110.85528082893292
m0,154,16.449999999999999,detector_2theta_degrees,-0.82289135627687282,0.13539583841778083,1.8359331175969202,111.69102280266047
m0,155,16.550000000000001,detector_2theta_degrees,-0.86378023298705942,0.19197893303811106,1.8299523350981244,112.52991336943693
m0,156,16.650000000000002,detector_2theta_degrees,-1.5630605699707389,0.30280945506763562,1.8247348048563228,113.37198066096161
m0,157,16.75,detector_2theta_degrees,0.088186404767375978,0.58595443459163699,1.8231032436466987,114.21725300448989
m0,158,16.850000000000001,detector_2theta_degrees,-0.23745286782193381,1.2307094830516874,1.8183654134619514,115.06575892502805
m0,159,16.949999999999999,detector_2theta_degrees,-0.64093473337889695,2.8374028812269039,1.8129004824323991,115.91752714742407
m0,160,17.050000000000001,detector_2theta_degrees,1.1713182314951818,5.7968952690794096,1.8098025416912984,116.77258659853348
m0,161,17.150000000000002,detector_2theta_degrees,6.1941604982984977,10.782106204136396,1.8146760422849118,117.63096640945453
m0,162,17.25,detector_2theta_degrees,12.718311551315015,16.971810400730543,1.8201830689464933,118.4926959177117
m0,163,17.350000000000001,detector_2theta_degrees,18.934320878230452,22.559897172630311,1.8280976116679193,119.35780466945413
m0,164,17.450000000000003,detector_2theta_degrees,21.724675772425005,25.255418409402331,1.8268186203602266,120.22632242178091
m0,165,17.550000000000001,detector_2theta_degrees,18.638740648581258,23.613328906243115,1.8177733037349746,121.09827914498771
m0,166,17.650000000000002,detector_2theta_degrees,13.19573272184109,18.290347977943096,1.8038826593657613,121.9737050248312
m0,167,17.75,detector_2theta_degrees,6.2228053389092404,12.154497603297568,1.7863645437989413,122.85263046495145
m0,168,17.850000000000001,detector_2theta_degrees,2.0356100227951535,6.6330750852345925,1.7754466518153036,123.73508608912904
m0,169,17.950000000000003,detector_2theta_degrees,-0.20164259082168057,3.3276656269171694,1.7659858886330231,124.62110274370323
m0,170,18.050000000000001,detector_2theta_degrees,0.47184008661780075,1.4976065892031818,1.7630018333374673,125.51071150001141
m0,171,18.150000000000002,detector_2theta_degrees,0.47700557640871533,0.7367729796356931,1.7569481043137964,126.40394365671908
m0,172,18.25,detector_2theta_degrees,-0.21239048166090821,0.41604685743656583,1.7515770046041872,127.30083074239121
m0,173,18.350000000000001,detector_2theta_degrees,-0.32358621484510419,0.28102061931840572,1.7459690678936801,128.20140451787216
m0,174,18.450000000000003,detector_2theta_degrees,-0.30566547967873059,0.21241713773312826,1.7421358189346547,129.10569697882977
m0,175,18.550000000000001,detector_2theta_degrees,-0.3950318284847531,0.16965897098339128,1.7366061215527806,130.01374035832438
m0,176,18.650000000000002,detector_2theta_degrees,0.23877341523226203,0.14071302003648492,1.7336303337244132,130.92556712929169
m0,177,18.75,detector_2theta_degrees,-1.1714939623162373,0.11855450657253254,1.7260573204321972,131.84121000718864
m0,178,18.850000000000001,detector_2theta_degrees,-0.67672368692551255,0.10219168855599858,1.7230443942353144,132.76070195258313
m0,179,18.950000000000003,detector_2theta_degrees,0.43517562690771283,0.088633111466250677,1.7200213035959551,133.68407617380208
m0,180,19.050000000000001,detector_2theta_degrees,0.0020840856595725926,0.078245275505316361,1.7148551183849969,134.61136612960016
m0,181,19.150000000000002,detector_2theta_degrees,-0.82953573521423785,0.069222808349527459,1.7084142171446604,135.54260553185622
m0,182,19.25,detector_2theta_degrees,0.50109825737491798,0.06213677162843665,1.7065606559745639,136.47782834832691
m0,183,19.350000000000001,detector_2theta_degrees,0.65301550969849087,0.05578478249245427,1.7021600560193741,137.41706880534178
m0,184,19.450000000000003,detector_2theta_degrees,-0.12464339588776373,0.050696965039690747,1.6960737327915347,138.36036139067241
m0,185,19.550000000000001,detector_2theta_degrees,0.25003198276864075,0.046039679410403773,1.6919511427802449,139.30774085631288
m0,186,19.650000000000002,detector_2theta_degrees,0.37157253166886772,0.042244586181314929,1.6875370951068775,140.2592422212872
m0,187,19.75,detector_2theta_degrees,0.65596737629930513,0.038715476636278889,1.6830412121481584,141.2149007746369
m0,188,19.850000000000001,detector_2theta_degrees,1.0978088318988433,0.035796530831028142,1.6792467712485089,142.17475207820422
m0,189,19.950000000000003,detector_2theta_degrees,0.27605398597256681,0.033051979148267463,1.6727209524260762,143.13883196968499
m0,190,20.050000000000001,detector_2theta_degrees,0.1568657144944825,0.030752343300303259,1.66777559208851,144.10717656556383
m0,191,20.150000000000002,detector_2theta_degrees,-0.014358795308992259,0.028570755157918348,1.6627376388322883,145.07982226408291
m0,192,20.250000000000004,detector_2theta_degrees,-0.12935845984482147,0.026721418219225176,1.6574856815478947,146.05680574836373
m0,193,20.350000000000001,detector_2theta_degrees,1.2248260986821138,0.024953666182233769,1.6551165871330369,147.03816398945088
m0,194,20.450000000000003,detector_2theta_degrees,1.298210791411845,0.02344227691073042,1.650409747190263,148.02393424936767
m0,195,20.550000000000001,detector_2theta_degrees,1.5089317455059514,0.021988229215644112,1.6458672796108149,149.01415408438183
m0,196,20.650000000000002,detector_2theta_degrees,1.484681673695277,0.020734684109191954,1.6409584871036678,150.00886134807158
m0,197,20.750000000000004,detector_2theta_degrees,0.62960058170775246,0.019522557216617557,1.6343352994957248,151.00809419458932
m0,198,20.850000000000001,detector_2theta_degrees,1.0449055772420042,0.018470142604713479,1.6300314636572444,152.01189108196354
m0,199,20.950000000000003,detector_2theta_degrees,0.82589563133056054,0.017448404449153087,1.6246628175641618,153.02029077526836
m0,200,21.050000000000001,detector_2theta_degrees,1.4371162075725799,0.016555095702809438,1.620923119455379,154.0333323500962
m0,201,21.150000000000002,detector_2theta_degrees,1.0844918049558243,0.015687008190491729,1.6151412132838476,155.05105519579988
m0,202,21.250000000000004,detector_2theta_degrees,1.7188791455542642,0.014920699120038973,1.6111811708877271,156.07349901894449
m0,203,21.350000000000001,detector_2theta_degrees,2.0296444139497796,0.014177006746434557,1.6066328044968561,157.10070384679472
m0,204,21.450000000000003,detector_2theta_degrees,1.4275810969324407,0.013513842794321995,1.6001748109045142,158.13271003069781
m0,205,21.550000000000001,detector_2theta_degrees,0.97175504098344778,0.012873871271338889,1.5948521510183946,159.16955824968426
m0,206,21.650000000000002,detector_2theta_degrees,0.18460994253379268,0.012295439780359206,1.5881592004758205,160.21128951399135
m0,207,21.750000000000004,detector_2theta_degrees,0.6256946768648457,0.011742293989689189,1.5841131341818784,161.2579451686745
m0,208,21.850000000000001,detector_2theta_degrees,0.9003985816927037,0.011233008575021547,1.5791784527617292,162.30956689724889
m0,209,21.950000000000003,detector_2theta_degrees,1.1981475040017862,0.010753778900330626,1.5750455056276407,163.36619672536747
m0,210,22.050000000000001,detector_2theta_degrees,1.1917263366274764,0.010305020328424378,1.5694814414346347,164.42787702457952
m0,211,22.150000000000002,detector_2theta_degrees,0.78847039571171185,0.0098943773130297369,1.5644759648717497,165.49465051602499
m0,212,22.250000000000004,detector_2theta_degrees,-0.031912760068923546,0.0095134473816372266,1.5578495964693981,166.56656027434266
m0,213,22.350000000000001,detector_2theta_degrees,0.8228437174448141,0.009217197513963207,1.5547786848507499,167.64364973148503
m0,214,22.450000000000003,detector_2theta_degrees,0.64696585245562699,0.009067804919648188,1.5490276542831498,168.72596268056705
m0,215,22.550000000000001,detector_2theta_degrees,0.56017108544636096,0.0092839748364274277,1.5433720258893791,169.81354327994575
m0,216,22.650000000000002,detector_2theta_degrees,1.5700745405068863,0.010336537161059029,1.5399669846746835,170.90643605705515
m0,217,22.750000000000004,detector_2theta_degrees,0.81058859979036124,0.013004583348086646,1.5329908949226074,172.00468591258186
m0,218,22.850000000000001,detector_2theta_degrees,0.15706017489263102,0.018812307991138349,1.5272834614556496,173.10833812449741
m0,219,22.950000000000003,detector_2theta_degrees,-0.20055095760667926,0.029519147576954154,1.5208887991851714,174.21743835214281
m0,220,23.050000000000001,detector_2theta_degrees,0.11763652435488012,0.047084664932517999,1.5170982791248946,175.33203264054151
m0,221,23.150000000000002,detector_2theta_degrees,0.70498207342054797,0.073198757980617826,1.5123133287916677,176.45216742450557
m0,222,23.250000000000004,detector_2theta_degrees,1.0186599697502854,0.10565476273098764,1.5081000757700782,177.57788953296989
m0,223,23.350000000000001,detector_2theta_degrees,1.6203948845752338,0.14294765309176768,1.5037231016009451,178.70924619338089
m0,224,23.450000000000003,detector_2theta_degrees,0.7123116713891321,0.17547777670225453,1.4966320784189064,179.8462850359752
m0,225,23.550000000000001,detector_2theta_degrees,0.46611094257144464,0.1985251714647194,1.49126471078147,180.98905409830203
m0,226,23.650000000000002,detector_2theta_degrees,0.18847539014305559,0.20424936114097067,1.4849662968954045,182.13760182968556
m0,227,23.750000000000004,detector_2theta_degrees,0.85971218802406957,0.19248964624441567,1.4819398687019432,183.29197709574277
m0,228,23.850000000000001,detector_2theta_degrees,0.24979461426948124,0.16581984914043629,1.4749548275053601,184.45222918306646
m0,229,23.950000000000003,detector_2theta_degrees,0.47806623054001762,0.13264661549185416,1.4705735356950811,185.61840780376377
m0,230,24.050000000000001,detector_2theta_degrees,0.43322399577041043,0.098083070656410462,1.4649517834774475,186.79056310025399
m0,231,24.150000000000002,detector_2theta_degrees,-0.41781611543180847,0.069977574681353363,1.4578457591801395,187.96874564999951
m0,232,24.250000000000004,detector_2theta_degrees,-0.053741304907333955,0.048365282547240394,1.4539063929081137,189.15300647033428
m0,233,24.350000000000001,detector_2theta_degrees,-0.60224074675431527,0.034024748935886834,1.4469533586533805,190.34339702334694
m0,234,24.450000000000003,detector_2theta_degrees,-0.02958125384804202,0.024954428801195028,1.4434206279309909,191.53996922081336
m0,235,24.550000000000001,detector_2theta_degrees,0.62338843320448023,0.019266033440079149,1.4389122463371165,192.74277542923849
m0,236,24.650000000000002,detector_2theta_degrees,0.056052161116984064,0.015916111327811469,1.4322939957794081,193.95186847481909
m0,237,24.750000000000004,detector_2theta_degrees,-0.48297620196170737,0.013860382997283247,1.4265354647449398,195.16730164868858
m0,238,24.850000000000001,detector_2theta_degrees,0.55477796937337376,0.012718607955362629,1.4221411362400505,196.3891287120444
m0,239,24.950000000000003,detector_2theta_degrees,1.7207268829782918,0.012181104171220933,1.4194158263426169,197.61740390133357
m0,240,25.050000000000001,detector_2theta_degrees,1.8051805948613058,0.012068525302268533,1.4139070376991283,198.85218193371657
m0,241,25.150000000000002,detector_2theta_degrees,0.45759596696163696,0.012303733128017727,1.4058434968649702,200.09351801229394
m0,242,25.250000000000004,detector_2theta_degrees,-0.41439528621494992,0.01286498409723103,1.400288010120551,201.34146783161006
m0,243,25.350000000000001,detector_2theta_degrees,-0.57311833559838177,0.01381882867839581,1.3941735502078798,202.59608758323142
m0,244,25.450000000000003,detector_2theta_degrees,-0.16445613574584181,0.015242687659402062,1.389536158675938,203.85743396116118
m0,245,25.550000000000001,detector_2theta_degrees,-0.0035262525102459997,0.017316275684298662,1.3847202658479389,205.12556416768174
m0,246,25.650000000000002,detector_2theta_degrees,-0.49405973573570361,0.020086761476208082,1.3778921865753635,206.40053591890796
m0,247,25.750000000000004,detector_2theta_degrees,-1.0716134882406287,0.02357415949401237,1.3725759817878196,207.68240745063872
m0,248,25.850000000000001,detector_2theta_degrees,-0.60663049471828911,0.027751847231829763,1.3676536452758234,208.97123752427925
m0,249,25.950000000000003,detector_2theta_degrees,-0.19969180120810576,0.0322329739530378,1.3620661345383502,210.26708543264371
m0,250,26.050000000000001,detector_2theta_degrees,0.21749328019551356,0.036945622146834327,1.358510398325264,211.57001100606183
m0,251,26.150000000000002,detector_2theta_degrees,-0.10264221746140782,0.042108304648891683,1.3521097083321412,212.88007461842221
m0,252,26.250000000000004,detector_2theta_degrees,-0.098019903220074547,0.048673989516700412,1.3463982907485987,214.19733719333084
m0,253,26.350000000000001,detector_2theta_degrees,-0.15141402555458255,0.059772034463923041,1.3417680524457718,215.52186021034996
m0,254,26.450000000000003,detector_2theta_degrees,-0.59296946410182605,0.081570281300952979,1.3350110171533178,216.853705711299
m0,255,26.550000000000001,detector_2theta_degrees,-0.98106436787821816,0.12416008319416755,1.3291048259192335,218.19293630669122
m0,256,26.650000000000002,detector_2theta_degrees,-0.76570193233308848,0.20609889865582556,1.3246126859488352,219.53961518209718
m0,257,26.750000000000004,detector_2theta_degrees,-0.62152453473285096,0.35237620117970381,1.3185583883729335,220.89380610483383
m0,258,26.850000000000001,detector_2theta_degrees,0.27326460289945254,0.59218596027634662,1.3147664292781673,222.25557343053683
m0,259,26.950000000000003,detector_2theta_degrees,0.32118149666535667,0.96636030891924518,1.3098379700846789,223.62498210980814
m0,260,27.050000000000001,detector_2theta_degrees,0.73673272898994679,1.497515717131326,1.3043714487191469,225.00209769520259
m0,261,27.150000000000002,detector_2theta_degrees,0.25694945875869618,2.1849251814422326,1.2983658894623431,226.38698634790029
m0,262,27.250000000000004,detector_2theta_degrees,1.6915771510995681,3.0115950257582069,1.2955116087813598,227.77971484486989
m0,263,27.350000000000001,detector_2theta_degrees,2.6874879452097984,3.8881505727427617,1.2906796423760991,229.18035058586261
m0,264,27.450000000000003,detector_2theta_degrees,4.2973302651517979,4.6927558982122637,1.287699120753989,230.58896160049977
m0,265,27.550000000000001,detector_2theta_degrees,5.7948786175165559,5.3057219616449176,1.2850573438620603,232.00561655569533
m0,266,27.650000000000002,detector_2theta_degrees,5.5813601716023751,5.5974693300665894,1.2786776077785083,233.43038476282626
m0,267,27.750000000000004,detector_2theta_degrees,4.1628315827744267,5.5097621961637131,1.270961982957129,234.86333618524074
m0,268,27.850000000000001,detector_2theta_degrees,3.9007262759554848,5.0584396100472349,1.2662979323858281,236.30454144586091
m0,269,27.950000000000003,detector_2theta_degrees,3.3537177620635616,4.3175725966483922,1.2597188778259181,237.75407183466888
m0,270,28.050000000000001,detector_2theta_degrees,1.4429798175586246,3.4423761458282005,1.2508179293807591,239.21199931654903
m0,271,28.150000000000002,detector_2theta_degrees,0.97572892989598847,2.5552317162505802,1.2458461690382441,240.67839653907845
m0,272,28.250000000000004,detector_2theta_degrees,0.4499857308460109,1.7602606446845199,1.2397096991826975,242.15333684041914
m0,273,28.350000000000001,detector_2theta_degrees,-0.055591009127601766,1.1370292625833598,1.2327716622966369,243.63689425746639
m0,274,28.450000000000003,detector_2theta_degrees,-0.63656874458219992,0.68856060814961362,1.2268818601381837,245.12914353383042
m0,275,28.550000000000001,detector_2theta_degrees,-0.38621941283336875,0.39156471825381789,1.2226773937759801,246.63016012819739
m0,276,28.650000000000002,detector_2theta_degrees,-0.49002528310595878,0.21274937065002569,1.2163903761474271,248.14002022263364
m0,277,28.750000000000004,detector_2theta_degrees,-0.5412858124304587,0.11413660274569741,1.2103142010856216,249.65880073105353
m0,278,28.850000000000001,detector_2theta_degrees,-0.65512040168310881,0.06211083422786088,1.205635037446213,251.18657930778895
m0,279,28.950000000000003,detector_2theta_degrees,-0.92492133888399375,0.036123383735007425,1.1998587452096934,252.72343435627457
m0,280,29.050000000000001,detector_2theta_degrees,-0.78350778306985436,0.023589469456550959,1.1937805263875048,254.26944503784523
m0,281,29.150000000000002,detector_2theta_degrees,0.015992225395671359,0.017267546214440647,1.1895763616917503,255.82469128064801
m0,282,29.250000000000004,detector_2theta_degrees,0.2892751110933553,0.013768323171583404,1.1854037717112675,257.38925378867367
m0,283,29.350000000000001,detector_2theta_degrees,-0.23655832426555623,0.011580868865474913,1.17911311602816,258.96321405090885
m0,284,29.450000000000003,detector_2theta_degrees,-0.71927580960444504,0.010064235115108316,1.1719817948865809,260.5466543506044
m0,285,29.550000000000001,detector_2theta_degrees,-0.076948216521648835,0.008908422446260271,1.1676919246490729,262.13965777467075
m0,286,29.650000000000002,detector_2theta_degrees,-0.45116890067609405,0.007981223427045608,1.1627918086377074,263.74230822319981
m0,287,29.750000000000004,detector_2theta_degrees,-0.70736007374248955,0.0072158730850538878,1.1568097826856094,265.35469041910693
m0,288,29.850000000000001,detector_2theta_degrees,-1.4428474658548927,0.0065818922952845171,1.1494304924784886,266.97688991790773
m0,289,29.950000000000003,detector_2theta_degrees,-1.3957858422462384,0.0060452410550212599,1.144358071193645,268.60899311760602
